emp_id,emp_name,email,gender,department,address,salary
1,Hallsy MacAllester,hmacallester0@weather.com,M,Marketing,68 Monument Crossing,73851
2,Dita Attarge,dattarge1@cpanel.net,M,Training,71 Pankratz Plaza,85880
3,Dorian Grose,dgrose2@newsvine.com,F,Legal,2 Scott Park,53656
4,Cullin Dayer,cdayer3@deviantart.com,M,,665 Bonner Alley,60682
5,Stavros Hillum,shillum4@guardian.co.uk,F,Sales,90 Vernon Park,47525
6,Blinnie Hawkswell,,M,Support,274 Duke Crossing,60782
7,Shem Gault,sgault6@wix.com,M,Training,7258 Mayer Center,68075
8,Ingrim Elegood,,M,Business Development,4490 Macpherson Hill,52327
9,Margit Toward,mtoward8@deviantart.com,M,Services,81425 Laurel Plaza,44928
10,Kaylee Mowsdill,kmowsdill9@lulu.com,M,,721 Darwin Street,73127
11,Maxy Pimmocke,mpimmockea@flickr.com,M,Marketing,4 Kedzie Court,65860
12,Wilbur Paragreen,wparagreenb@cafepress.com,F,Engineering,9034 Nobel Point,98691
13,Gino Somerset,gsomersetc@noaa.gov,F,Support,6 Hermina Park,83197
14,Viki Kinlock,vkinlockd@nymag.com,F,Research and Development,31821 Killdeer Place,74077
15,Cullin Redhole,credholee@dmoz.org,F,Services,31 Truax Lane,48084
16,Judd Van der Son,jvanf@nifty.com,M,Engineering,05564 Sunfield Street,99408
17,Roseline Trundell,rtrundellg@taobao.com,F,Marketing,1 Heath Road,78920
18,Tammie Towse,ttowseh@answers.com,F,Research and Development,4 Crescent Oaks Trail,75488
19,Johanna Metzel,jmetzeli@typepad.com,F,Support,6 Del Mar Trail,41629
20,Elias Sandells,esandellsj@sohu.com,M,Accounting,5241 Pleasure Road,84670
21,Missy Kwietak,mkwietakk@umich.edu,F,,183 Anhalt Place,85061
22,Rudolfo Merington,rmeringtonl@arstechnica.com,F,Legal,69475 Brentwood Court,46613
23,Mamie Antonelli,mantonellim@ihg.com,M,Support,4312 Heffernan Place,83753
24,Marchelle Lett,mlettn@weather.com,M,Business Development,035 Nancy Alley,83614
25,Ty Poolman,tpoolmano@spiegel.de,F,,89 Veith Hill,83824
26,Joye Gabitis,jgabitisp@cam.ac.uk,M,Services,4515 Fair Oaks Plaza,57350
27,Harley Adamovsky,hadamovskyq@delicious.com,M,,266 Warner Avenue,95885
28,Suzi Yakobowitz,syakobowitzr@discuz.net,M,Business Development,0783 Glendale Court,68023
29,Molli Eastope,meastopes@pen.io,F,Business Development,006 Bay Drive,63260
30,Regine Prangle,,M,,6 Westend Circle,52870
31,Kitti Caren,kcarenu@youtube.com,M,Research and Development,17444 Beilfuss Road,44688
32,Kanya Francillo,kfrancillov@typepad.com,F,Human Resources,588 Hansons Street,41830
33,Miranda Vassar,mvassarw@indiegogo.com,M,Marketing,586 Straubel Alley,66580
34,Milty Viel,mvielx@simplemachines.org,M,,6773 Milwaukee Circle,95295
35,Josie Whatmough,jwhatmoughy@lulu.com,M,Accounting,355 East Plaza,99014
36,Giuseppe Zollner,gzollnerz@independent.co.uk,M,,8932 Rigney Point,42342
37,Gayle Petteford,,M,Accounting,3 Golf Course Junction,60827
38,Lyndsey Burnall,lburnall11@gizmodo.com,F,Sales,67 Lunder Drive,60601
39,Sim Culshaw,sculshaw12@washington.edu,F,Support,4 Myrtle Street,75833
40,Arielle Cordner,,M,,9 Hooker Terrace,82268
41,Leona Chadbourne,lchadbourne14@zimbio.com,M,Accounting,38 Jackson Circle,52331
42,Damiano Hold,dhold15@freewebs.com,F,Engineering,6 Rockefeller Circle,42549
43,Billy Cantero,bcantero16@buzzfeed.com,F,Human Resources,24 Dahle Street,78655
44,Findlay Barrowclough,fbarrowclough17@boston.com,F,Marketing,90526 Debs Point,97980
45,Katalin Swigg,kswigg18@canalblog.com,M,Product Management,9 Dwight Drive,62825
46,Gherardo Koppke,gkoppke19@tripod.com,M,Marketing,5 Coolidge Way,85439
47,Odessa Tousy,otousy1a@foxnews.com,M,Services,0252 Menomonie Hill,93133
48,Rita Coggell,rcoggell1b@sfgate.com,F,,2 Warrior Avenue,53440
49,Zena Leftly,zleftly1c@who.int,F,Support,4082 Wayridge Trail,56489
50,Camey Fairnington,cfairnington1d@hubpages.com,F,Product Management,2 Brickson Park Terrace,95003
51,Christiane Gostage,cgostage1e@wp.com,F,Support,27 Miller Circle,68186
52,Jarrid Bangs,jbangs1f@ucla.edu,M,Support,2214 Tennyson Hill,53364
53,Murvyn Nitti,mnitti1g@ning.com,M,Human Resources,4 Brentwood Parkway,48069
54,Phelia Cabrales,pcabrales1h@nymag.com,M,,44 Weeping Birch Crossing,96460
55,Maitilde Bertomeu,mbertomeu1i@newsvine.com,M,Marketing,98412 Messerschmidt Hill,78397
56,Clarisse Panas,cpanas1j@quantcast.com,F,,15839 Pankratz Road,56723
57,Spence Dyka,sdyka1k@newsvine.com,M,,57 Debs Alley,70285
58,Jacobo Sabin,jsabin1l@tuttocitta.it,M,Accounting,4601 Eastwood Parkway,59525
59,Sapphire Bourtoumieux,sbourtoumieux1m@bloomberg.com,F,,04075 Pierstorff Alley,98859
60,Adella Beswetherick,abeswetherick1n@pen.io,M,Research and Development,4893 Hoard Point,73697
61,Lorenzo Vail,lvail1o@auda.org.au,M,Research and Development,0420 Orin Center,65647
62,Rosabella Rutherforth,,M,Support,8296 Luster Plaza,94109
63,Gena Shortland,gshortland1q@buzzfeed.com,M,Product Management,7 Bellgrove Crossing,80309
64,Barbara Leopold,bleopold1r@oaic.gov.au,F,,1 Graceland Lane,43195
65,Krystle Havelin,khavelin1s@wunderground.com,M,Research and Development,53107 Reindahl Lane,59720
66,Shina Sola,ssola1t@omniture.com,M,Engineering,80430 School Road,90147
67,Anabal Woolis,,F,Marketing,186 Dahle Point,69587
68,Leona Maber,,F,Engineering,20 Sheridan Pass,84649
69,Axe Falkus,afalkus1w@reference.com,M,Support,20 Rusk Street,48409
70,Jeannette Janning,jjanning1x@state.gov,F,Support,71964 Dixon Parkway,57244
71,Konrad Garbutt,kgarbutt1y@springer.com,M,Accounting,59 Beilfuss Court,76892
72,Loralee Hamman,lhamman1z@purevolume.com,M,,485 Derek Trail,54137
73,Fan Checcuzzi,fcheccuzzi20@ycombinator.com,M,Marketing,134 Rieder Way,82569
74,Ada Glaysher,aglaysher21@google.fr,M,Product Management,57 Lakewood Gardens Parkway,50401
75,Kelcie Duddy,kduddy22@scientificamerican.com,M,Services,91 Starling Court,74133
76,Annmarie Kenset,akenset23@samsung.com,M,,80 Ronald Regan Place,45789
77,Babbette Volleth,bvolleth24@newyorker.com,F,Training,33535 Ramsey Place,72025
78,Laurette Barnewille,lbarnewille25@utexas.edu,F,Training,025 Comanche Alley,64273
79,Lelah Ladd,lladd26@bravesites.com,F,,3149 Linden Court,68361
80,Iggy Antoniutti,iantoniutti27@nasa.gov,M,Services,93081 Hermina Terrace,99036
81,Arly Bellefant,abellefant28@chron.com,M,Business Development,4 Welch Circle,85358
82,Jard Enefer,jenefer29@marketwatch.com,M,Business Development,8 Holy Cross Circle,77183
83,Adan Kissell,akissell2a@wp.com,M,,4 Union Avenue,97671
84,Eolande Pestricke,epestricke2b@godaddy.com,F,Product Management,82909 Darwin Place,56855
85,Drusi Coad,dcoad2c@dion.ne.jp,M,Sales,460 Red Cloud Hill,92975
86,Loreen Doding,ldoding2d@blogspot.com,F,Services,474 Toban Street,50957
87,Durant Marchent,dmarchent2e@facebook.com,M,,998 Prairieview Street,61764
88,Webb Raselles,wraselles2f@mayoclinic.com,F,Sales,14976 Packers Plaza,93455
89,Gerty Hambers,ghambers2g@simplemachines.org,M,Legal,8 Mariners Cove Lane,81503
90,Christiano Mattingson,cmattingson2h@mediafire.com,F,,164 Magdeline Junction,95449
91,Chelsea Labrum,clabrum2i@naver.com,M,,0190 Ohio Drive,42466
92,Friedrick Sedworth,fsedworth2j@jalbum.net,F,Research and Development,7850 Summer Ridge Street,57893
93,Terese McHenry,tmchenry2k@engadget.com,M,Services,11451 Shoshone Court,61261
94,Elly Argabrite,eargabrite2l@bbc.co.uk,F,Sales,02158 Village Green Place,90582
95,Bryant de Marco,bde2m@upenn.edu,M,Business Development,609 Thackeray Lane,65824
96,Currie Flobert,cflobert2n@hibu.com,F,Engineering,76358 Holy Cross Place,52313
97,Grace Leedes,gleedes2o@feedburner.com,M,,65135 Pankratz Plaza,80251
98,Paulo Girardy,,M,,9 Mayfield Trail,79919
99,Alva Kewzick,akewzick2q@google.com.br,F,Product Management,54 American Ash Hill,51202
100,Jennee Cund,jcund2r@ow.ly,F,Business Development,48946 Forest Run Avenue,83458
101,Bev Witul,bwitul2s@blog.com,M,Engineering,272 Bayside Trail,55030
102,Brod Tattersall,btattersall2t@sciencedirect.com,M,Human Resources,787 Stephen Crossing,99637
103,Dorita Undrill,dundrill2u@ebay.com,F,Marketing,3423 Pleasure Junction,96880
104,Franny Westphal,fwestphal2v@uiuc.edu,F,Marketing,97 Moland Point,79281
105,Clarita Moulster,cmoulster2w@fda.gov,F,Services,83 Heath Crossing,65280
106,Ives Iacovacci,iiacovacci2x@kickstarter.com,F,Research and Development,2 Mifflin Plaza,59182
107,Christyna Gross,cgross2y@miibeian.gov.cn,M,Human Resources,4993 Lake View Road,41650
108,Nichole Macey,nmacey2z@gmpg.org,M,Human Resources,69293 Southridge Drive,46045
109,Tomlin Stockow,tstockow30@meetup.com,F,Marketing,40540 Moulton Court,50201
110,Gordy Mulvany,gmulvany31@imgur.com,F,Product Management,542 Talisman Parkway,78893
111,Humphrey D'Abbot-Doyle,hdabbotdoyle32@deliciousdays.com,M,Legal,956 Westridge Street,87824
112,Buck Speaks,bspeaks33@ning.com,M,Marketing,197 Jackson Plaza,84484
113,Ewan Dockrey,edockrey34@europa.eu,M,Services,94 Arapahoe Parkway,66238
114,Hy Danbye,hdanbye35@hud.gov,F,Business Development,53962 Elmside Avenue,58583
115,Herbert Angus,hangus36@ox.ac.uk,F,Business Development,53132 Sugar Street,80533
116,Danielle Grindlay,dgrindlay37@marketwatch.com,F,,7 Anderson Drive,56239
117,Lissi Bowditch,,F,Support,820 Straubel Center,95120
118,Beatrice Garling,bgarling39@over-blog.com,F,Business Development,95330 Holmberg Parkway,93416
119,Randell Collier,rcollier3a@wunderground.com,F,Marketing,81268 Bultman Court,98959
120,Lorena Daintree,ldaintree3b@shop-pro.jp,F,Research and Development,6609 Anthes Trail,80712
121,Eberhard Timpany,,M,Engineering,28243 Sunnyside Center,90514
122,Shandy Keel,skeel3d@shutterfly.com,F,Training,820 Mendota Pass,76518
123,Franny Duxbury,fduxbury3e@census.gov,M,,9173 Buhler Avenue,60344
124,Francine Challen,fchallen3f@networksolutions.com,M,Business Development,77425 Meadow Vale Center,82009
125,Baudoin Bault,bbault3g@google.com.au,M,Human Resources,8 Doe Crossing Crossing,41911
126,Alysia Boliver,aboliver3h@cam.ac.uk,M,Legal,06 Pine View Terrace,88386
127,Sidoney Surmeyer,ssurmeyer3i@bandcamp.com,M,,0 Vidon Park,42338
128,Cyndie Oakwell,coakwell3j@histats.com,F,Sales,28 Raven Street,47478
129,Erda Lapish,elapish3k@github.com,F,Business Development,17733 Warrior Parkway,68358
130,Adriena Shoebrook,ashoebrook3l@g.co,M,,32429 Toban Lane,93997
131,Abram Jikovsky,ajikovsky3m@networkadvertising.org,M,Human Resources,258 Lien Hill,91211
132,Zach Balam,zbalam3n@addthis.com,M,Accounting,5578 Arizona Circle,87623
133,Tobiah Vasechkin,tvasechkin3o@google.de,F,Sales,1696 Graedel Court,71616
134,Norrie Sandells,nsandells3p@usa.gov,M,Product Management,6 Orin Crossing,79265
135,Harman Fincken,,M,Sales,5701 Amoth Avenue,65567
136,Bonny Thripp,bthripp3r@illinois.edu,F,,038 Amoth Avenue,59545
137,Norene Shorten,,F,Training,96 Esker Crossing,58805
138,Violetta Paolozzi,vpaolozzi3t@mit.edu,M,Training,623 Clarendon Crossing,61200
139,Mair Sketchley,msketchley3u@godaddy.com,M,Research and Development,056 Kensington Hill,52347
140,Cybill Bushe,cbushe3v@army.mil,F,Marketing,2 Harper Circle,82790
141,Bonnie Straun,bstraun3w@vinaora.com,M,Engineering,1 Monterey Circle,82387
142,Marybelle Flew,,F,,59 Crowley Avenue,62192
143,Bernarr Pregal,bpregal3y@creativecommons.org,M,Legal,350 Jay Center,42543
144,Hakeem Hundey,hhundey3z@tamu.edu,M,Marketing,8 Warner Hill,90962
145,Lynda Ballard,lballard40@guardian.co.uk,M,Product Management,937 Havey Circle,53307
146,Oneida But,obut41@shutterfly.com,M,Support,482 Myrtle Center,53593
147,Thebault Boyles,tboyles42@ebay.co.uk,F,Services,4 Cordelia Way,69058
148,Lucais Spridgen,lspridgen43@sourceforge.net,M,Product Management,2378 Meadow Valley Circle,75711
149,Francoise Brunke,fbrunke44@weibo.com,M,Product Management,96 Stone Corner Lane,94745
150,Jasper Breffitt,jbreffitt45@hibu.com,M,Training,6 Raven Place,84003
151,Abbot Cromarty,acromarty46@ftc.gov,M,Human Resources,42269 Valley Edge Court,79049
152,Odetta De Mitris,,M,Product Management,7 Service Point,64826
153,Francoise Foyle,ffoyle48@furl.net,F,Product Management,273 Kings Park,67936
154,Carey Fitzgerald,,F,Accounting,51247 Homewood Avenue,40862
155,Rog Matusiak,rmatusiak4a@mail.ru,F,Marketing,6 Starling Alley,92441
156,Angelita Brimicombe,abrimicombe4b@mac.com,F,,20850 Eagle Crest Circle,43965
157,Maisie Strauss,,F,Engineering,4906 Farwell Park,61159
158,Sigismund Samudio,ssamudio4d@ed.gov,F,,96236 Algoma Crossing,47257
159,Beverley Brechin,bbrechin4e@typepad.com,F,Research and Development,269 Oneill Street,48474
160,Francklin Scoggins,,F,,5459 Donald Road,41932
161,Luther Hoston,lhoston4g@ft.com,M,Training,13 Alpine Street,84813
162,Amil Fownes,afownes4h@mayoclinic.com,M,Accounting,8120 Cambridge Point,86186
163,Edmund Wiggin,ewiggin4i@wikimedia.org,M,Marketing,02 Forster Drive,93845
164,Bellanca Gosnell,bgosnell4j@dedecms.com,F,,88602 Prentice Place,72441
165,Ogdan Choppen,ochoppen4k@upenn.edu,M,Support,7 Carpenter Point,92046
166,Erskine Sermin,esermin4l@yellowpages.com,M,Research and Development,403 Heath Parkway,89527
167,Rourke Bonaire,rbonaire4m@google.de,F,,9 Huxley Park,81670
168,Felike Kochlin,fkochlin4n@free.fr,M,Services,64 Oxford Terrace,46102
169,Sebastiano Arderne,sarderne4o@clickbank.net,F,,9294 Springs Drive,58032
170,Adeline Leacock,aleacock4p@squarespace.com,M,Human Resources,38 Pankratz Pass,65909
171,Waiter Casley,wcasley4q@google.co.uk,M,,013 Magdeline Drive,99433
172,Quincy Winstanley,qwinstanley4r@nifty.com,F,Research and Development,04 Susan Plaza,90640
173,Caitrin Kleinhausen,ckleinhausen4s@homestead.com,M,Engineering,991 Center Park,44236
174,Danika Widdecombe,dwiddecombe4t@stanford.edu,M,Support,1 Schmedeman Way,99625
175,Nathan Benjefield,nbenjefield4u@cbsnews.com,M,Services,5957 Florence Trail,93644
176,Barby Dekeyser,,M,,34 Chinook Hill,97209
177,Nico Langstone,nlangstone4w@timesonline.co.uk,F,Support,30851 Hagan Junction,77723
178,Kevina Ottery,kottery4x@toplist.cz,M,Sales,7466 Sachs Drive,44632
179,Loretta Rakes,lrakes4y@hexun.com,F,Research and Development,2 Arizona Crossing,68237
180,Keir Vasilevich,kvasilevich4z@sphinn.com,M,Marketing,673 Sloan Court,85613
181,Darwin Shovell,dshovell50@mail.ru,F,Legal,0 Village Hill,61244
182,Lynea Bartell,lbartell51@netvibes.com,F,Services,5529 Glacier Hill Pass,68883
183,Alix Carcass,acarcass52@jimdo.com,M,Support,47545 Steensland Street,53947
184,Dniren Baff,dbaff53@smugmug.com,M,Marketing,967 Del Sol Plaza,92775
185,Binnie Sreenan,bsreenan54@nba.com,M,Marketing,4 Golden Leaf Alley,86405
186,Caressa Lealle,,F,Services,5 Milwaukee Way,82404
187,Lin Lloyd,llloyd56@google.com,M,,4 Waxwing Crossing,82464
188,Ax Copyn,acopyn57@tripod.com,M,Human Resources,74354 Everett Street,75632
189,Corinne Midner,,F,Training,26 Barby Center,56462
190,Jobyna Drewet,jdrewet59@youtube.com,M,Research and Development,363 Judy Trail,60257
191,Ebenezer Preshous,epreshous5a@gizmodo.com,M,Support,87 Roth Lane,63570
192,Wilfrid Cornu,wcornu5b@indiatimes.com,M,Research and Development,5 Lakewood Gardens Avenue,66280
193,Raven Prester,rprester5c@umich.edu,M,Engineering,0291 Leroy Drive,43940
194,Ancell Dunridge,,F,Services,3019 Hayes Alley,95070
195,Guthrey Lamont,glamont5e@networkadvertising.org,M,,37 Moulton Terrace,58844
196,Domenic Harlick,dharlick5f@digg.com,M,Engineering,90 Monument Place,90164
197,Mariejeanne Girke,mgirke5g@virginia.edu,M,Accounting,85813 Crowley Junction,95894
198,Marylin Josselson,mjosselson5h@de.vu,F,Support,0644 Mcbride Place,73597
199,Chery Simonassi,csimonassi5i@sakura.ne.jp,F,Engineering,3 Cardinal Road,89076
200,Hulda Amor,hamor5j@bluehost.com,M,Services,84103 Forest Dale Terrace,88094
201,Brocky Timewell,btimewell5k@cdbaby.com,M,,04958 Barby Place,91226
202,Mignonne Colchett,mcolchett5l@mac.com,M,Accounting,29 Westend Alley,95760
203,Martie Priscott,mpriscott5m@liveinternet.ru,M,Services,4151 Lillian Point,77814
204,Peterus Vorley,pvorley5n@nbcnews.com,F,Training,6145 Meadow Valley Alley,46954
205,Farrand Paolini,fpaolini5o@webeden.co.uk,M,Product Management,04 Independence Park,71764
206,Erhard Gillio,egillio5p@home.pl,M,Marketing,002 Marquette Plaza,71306
207,Kaila Weeds,kweeds5q@weather.com,F,Business Development,9 Gale Plaza,98729
208,Conrado Renol,crenol5r@prlog.org,M,Human Resources,55651 Hintze Way,68737
209,Worden Gillyett,wgillyett5s@ocn.ne.jp,M,Product Management,526 Carioca Center,97784
210,Fritz Durek,fdurek5t@kickstarter.com,M,Services,57329 Cherokee Street,88989
211,Lancelot Tinmouth,ltinmouth5u@wix.com,M,Product Management,060 Fairview Road,52599
212,Boy Goldston,bgoldston5v@usa.gov,M,Marketing,62 Westerfield Terrace,87596
213,Yuma Kneeshaw,ykneeshaw5w@bizjournals.com,F,Marketing,70111 Loomis Parkway,87238
214,Jamal Drinan,jdrinan5x@amazonaws.com,M,Engineering,2 Ohio Court,94139
215,Pavia Rolph,prolph5y@51.la,M,Engineering,84 Hoepker Court,47647
216,Hasheem Slora,hslora5z@ebay.com,F,Sales,929 Heffernan Center,50914
217,Eldon Hanaby,ehanaby60@cornell.edu,M,,5 Hazelcrest Parkway,97119
218,Mavis Marcone,mmarcone61@spiegel.de,M,Marketing,46 Anniversary Plaza,48221
219,Ailbert Rickeard,arickeard62@studiopress.com,F,Human Resources,43 Russell Lane,54816
220,Danna Claisse,,M,,2 Di Loreto Avenue,69823
221,Cassie Volke,,M,Engineering,17748 Tennyson Terrace,92395
222,Datha Ditchburn,dditchburn65@mac.com,F,Services,763 Arkansas Circle,40151
223,Sunshine Roglieri,sroglieri66@cdbaby.com,F,Marketing,021 Algoma Lane,85448
224,Janna Daniau,jdaniau67@mapquest.com,M,Research and Development,83068 Holy Cross Center,55123
225,Sada Blackadder,sblackadder68@wordpress.org,F,,646 Spenser Park,71932
226,Sam Meade,smeade69@harvard.edu,F,,1 Carberry Way,62048
227,Rory Drable,rdrable6a@livejournal.com,F,,7483 Lighthouse Bay Drive,53306
228,Basile Degoe,bdegoe6b@vk.com,F,,1 Raven Plaza,53563
229,Isabelita Suermeiers,isuermeiers6c@gov.uk,F,Services,9 Menomonie Circle,42480
230,Sloane Elverstone,selverstone6d@slashdot.org,F,Accounting,3 Loeprich Parkway,83206
231,Charla Borham,cborham6e@example.com,M,,407 Clemons Hill,48122
232,Corette Blackader,cblackader6f@ucoz.ru,F,Sales,48 Hanson Road,71725
233,Kendre Euston,,F,,942 Carberry Plaza,88381
234,Fionnula Abbatucci,fabbatucci6h@theguardian.com,F,Research and Development,11 Shelley Pass,92263
235,Lexie Bovis,lbovis6i@stumbleupon.com,M,Business Development,6 Fallview Center,54361
236,Gill Bomfield,gbomfield6j@ibm.com,F,Sales,00451 7th Avenue,79336
237,Lilah Spinks,lspinks6k@printfriendly.com,F,Human Resources,8 Kipling Way,66236
238,Findley Mattack,fmattack6l@digg.com,M,Human Resources,455 Brentwood Plaza,90485
239,Christian Stell,cstell6m@flickr.com,F,,69069 Hagan Center,80294
240,Lona Bendix,lbendix6n@berkeley.edu,F,Legal,2218 Stuart Hill,75249
241,Doralin Thornthwaite,dthornthwaite6o@hud.gov,M,Business Development,90 Gina Center,96151
242,Silvester Fraine,sfraine6p@flavors.me,F,Marketing,41727 Bellgrove Park,92807
243,Lars Gibbard,lgibbard6q@amazon.de,F,Product Management,18380 Brickson Park Terrace,80705
244,Alison Buchett,abuchett6r@youtu.be,F,Marketing,9 Harbort Center,63231
245,Devondra Hebborn,dhebborn6s@netlog.com,M,,367 Fulton Trail,81017
246,Shamus Finnemore,sfinnemore6t@wikipedia.org,F,,654 Homewood Center,58111
247,Dorena Gilhooly,,F,Training,434 Crownhardt Road,41440
248,Harbert Climo,,F,Training,4 Miller Terrace,84806
249,Malinda Sakins,msakins6w@youtu.be,M,,63 Nelson Pass,54715
250,Toinette Yurenin,tyurenin6x@microsoft.com,M,Research and Development,854 Steensland Park,66312
251,Rolland Boyes,rboyes6y@tripadvisor.com,F,Services,93968 Forest Avenue,60404
252,Marybeth Cicullo,,F,Sales,28 Hazelcrest Crossing,42797
253,Willamina Fishburn,wfishburn70@noaa.gov,M,Support,42855 Summit Lane,85313
254,Rowney Bosward,rbosward71@whitehouse.gov,M,Engineering,0 Clyde Gallagher Drive,75736
255,Etheline Brockie,ebrockie72@unicef.org,F,Services,44133 Ryan Hill,54561
256,Marchelle Reinbeck,mreinbeck73@businessinsider.com,F,Services,41405 Pearson Place,79307
257,Tallou Benito,tbenito74@geocities.jp,M,,863 Westridge Drive,59726
258,Rowan Gatchel,rgatchel75@cdc.gov,F,,46471 Evergreen Pass,94414
259,Ivonne Pinkett,,M,Business Development,2605 Schurz Trail,40146
260,Briana Fellenor,bfellenor77@phpbb.com,F,,81738 Old Gate Way,94815
261,Kean Curwen,,M,Training,17 Loftsgordon Terrace,94406
262,Abelard Rathborne,arathborne79@slashdot.org,F,Services,30 Namekagon Junction,80074
263,Baily Toynbee,btoynbee7a@opensource.org,M,Legal,5932 Village Alley,41103
264,Harlene Rosson,hrosson7b@msu.edu,M,Engineering,5 Monument Avenue,44673
265,Barbaraanne Ledgister,bledgister7c@so-net.ne.jp,F,,85 Namekagon Lane,63394
266,Marilin Plaid,mplaid7d@oaic.gov.au,M,,1212 Rutledge Hill,64608
267,Gerard Coleiro,gcoleiro7e@statcounter.com,F,Services,11 Summer Ridge Point,62013
268,Daphna Cloughton,dcloughton7f@nydailynews.com,M,Business Development,950 Chive Point,75634
269,Kati Crockett,,M,Marketing,08 Esker Road,63711
270,Jessalin Schmidt,jschmidt7h@yahoo.co.jp,M,Business Development,5 Graceland Terrace,40718
271,Jemima Titcomb,,F,Research and Development,81 Kennedy Street,82058
272,Mayer Stredder,mstredder7j@independent.co.uk,M,Research and Development,020 Center Lane,58199
273,Dyann Sinton,dsinton7k@blogspot.com,M,Training,96610 Stang Way,59361
274,Averyl Fair,afair7l@hud.gov,M,Legal,2 Meadow Valley Pass,59743
275,Willem Godmar,wgodmar7m@hubpages.com,F,Accounting,840 Tony Terrace,71443
276,Chane Robison,,F,Sales,0 Sullivan Way,60352
277,Rosemonde Snalham,rsnalham7o@nationalgeographic.com,F,Product Management,64 Goodland Court,91333
278,Ranee Nolleth,rnolleth7p@prlog.org,F,,9303 Messerschmidt Place,50032
279,Demott Rumming,drumming7q@boston.com,F,Sales,25 American Ash Avenue,64851
280,Gill Blackstone,gblackstone7r@qq.com,M,Support,5 Talmadge Terrace,96453
281,Barbabas Lambdon,blambdon7s@un.org,F,Sales,48 Hooker Pass,74612
282,Edith Pelerin,epelerin7t@cocolog-nifty.com,M,Marketing,82 Golf Lane,88846
283,Granville Follin,gfollin7u@i2i.jp,F,,2 Maryland Place,57948
284,Dav Cutforth,dcutforth7v@xrea.com,F,Training,9998 Sheridan Pass,74661
285,Brande Grealish,bgrealish7w@cnn.com,M,,349 Johnson Park,73869
286,Claus Glazzard,,M,Product Management,62 Hovde Junction,52932
287,Jennilee Espina,jespina7y@furl.net,M,Business Development,54 Sullivan Court,43481
288,Bev Klain,,F,Support,99764 Clarendon Terrace,71261
289,Chrisse Jerok,cjerok80@vimeo.com,M,Human Resources,2 Forest Dale Pass,74930
290,Sibyl Mushett,smushett81@parallels.com,M,,57946 Pierstorff Circle,42459
291,Bessie Betham,bbetham82@ycombinator.com,F,Marketing,261 Thackeray Lane,86785
292,Kissiah Worsalls,kworsalls83@nydailynews.com,F,,33 Graedel Lane,62009
293,Corrinne Pennick,cpennick84@networksolutions.com,F,,1709 Talisman Point,63518
294,Arnaldo Dugall,adugall85@cpanel.net,M,Services,28 Hollow Ridge Street,48396
295,Barbaraanne Colafate,bcolafate86@unblog.fr,F,Sales,150 Independence Trail,62059
296,Jule Hiscoe,jhiscoe87@ted.com,M,Product Management,44499 Sutteridge Junction,92512
297,Clovis Trimnell,ctrimnell88@state.gov,F,,060 Armistice Junction,99984
298,Kendricks Elkington,kelkington89@paginegialle.it,M,Product Management,3 Hayes Street,40527
299,Ernaline Hairesnape,ehairesnape8a@miibeian.gov.cn,M,Research and Development,16929 Sutteridge Center,82565
300,Haslett Battaille,hbattaille8b@exblog.jp,M,Engineering,715 Banding Avenue,97438
301,Aland Calafate,acalafate8c@studiopress.com,F,Research and Development,62 Pleasure Crossing,77756
302,Burton Taylot,btaylot8d@uol.com.br,M,Research and Development,08777 North Point,53545
303,Tiffie Durbin,,M,Marketing,92 Westport Road,47960
304,Juliet Marconi,jmarconi8f@multiply.com,F,Business Development,3692 Ilene Park,73680
305,Gusella Aitkin,gaitkin8g@wunderground.com,M,Support,9844 Garrison Drive,83262
306,Marsh Dallender,mdallender8h@zimbio.com,M,Services,316 Del Mar Trail,55444
307,Rand Aish,raish8i@vimeo.com,M,Accounting,01 Express Avenue,59775
308,Arlin Venables,avenables8j@gizmodo.com,M,Sales,444 Moose Plaza,88268
309,Scarlet Roycroft,sroycroft8k@cargocollective.com,M,,42 Dixon Hill,59972
310,Daffie Behrendsen,dbehrendsen8l@guardian.co.uk,F,Marketing,2175 Moland Place,47905
311,Barbe Walliker,bwalliker8m@discovery.com,M,Marketing,6220 Grover Terrace,51646
312,Allyn Illwell,aillwell8n@phoca.cz,F,Support,22 Fair Oaks Street,96454
313,Belva Glenfield,bglenfield8o@adobe.com,F,,7023 Oak Valley Place,96487
314,Rachel Stoyles,rstoyles8p@examiner.com,M,Human Resources,8 Barby Street,98457
315,Tonie Glas,tglas8q@fda.gov,M,Support,29050 Morning Pass,89127
316,Cassondra Gaize,cgaize8r@blog.com,M,Business Development,873 Sheridan Hill,65592
317,Benoit Luxmoore,bluxmoore8s@blog.com,F,,8 Comanche Road,90837
318,Dunstan Marciskewski,dmarciskewski8t@multiply.com,F,Engineering,9 Emmet Park,73398
319,Fernande Ricciardiello,fricciardiello8u@homestead.com,M,Product Management,5 Birchwood Circle,45014
320,Malinda Fludder,mfludder8v@behance.net,F,Legal,34330 Comanche Point,93854
321,Isadora Merman,imerman8w@discuz.net,F,Business Development,44662 Blue Bill Park Alley,44947
322,Elane Winstanley,ewinstanley8x@smugmug.com,M,Human Resources,98 Shopko Place,65796
323,Derril Hallowell,dhallowell8y@techcrunch.com,F,Accounting,22 Barby Trail,59210
324,Fayina Wallas,fwallas8z@gravatar.com,M,,18389 Ramsey Plaza,53648
325,Sada Cleeton,,F,Accounting,755 Pierstorff Park,52619
326,Clint Brithman,cbrithman91@auda.org.au,M,,1100 Meadow Ridge Alley,58322
327,Durand Champneys,dchampneys92@vk.com,M,Research and Development,1 Alpine Junction,49497
328,Ingeberg Jeynes,ijeynes93@twitpic.com,M,Sales,81067 Emmet Crossing,60607
329,Timmie Deegan,tdeegan94@com.com,M,,5 Golf View Circle,67816
330,Edd Axworthy,eaxworthy95@a8.net,M,Legal,985 School Lane,90963
331,Kristin Thackham,kthackham96@tinypic.com,F,Product Management,93 Lawn Street,93385
332,Robin Goggan,rgoggan97@youku.com,F,Legal,495 Swallow Point,63654
333,Judd Burton,jburton98@harvard.edu,M,Research and Development,7182 Lake View Park,87329
334,Brett Straker,bstraker99@salon.com,M,,0 Onsgard Street,63913
335,Myrna Slewcock,,M,,6 Fallview Park,63495
336,Lee Canby,lcanby9b@dell.com,M,Sales,9155 Blaine Crossing,88888
337,Gerty Stanyon,gstanyon9c@msn.com,F,,44 West Junction,93681
338,Junia Seakings,jseakings9d@netvibes.com,M,,9790 Ryan Point,54449
339,Claudina Bentje,cbentje9e@qq.com,M,Support,8904 Jana Hill,64322
340,Marlon Rapelli,mrapelli9f@bing.com,M,,31784 Coolidge Trail,81478
341,Frasco MacNish,fmacnish9g@pen.io,F,,25 Cherokee Parkway,43726
342,Delano Hanselman,dhanselman9h@flickr.com,M,Business Development,401 Elmside Place,53285
343,Beltran Filkin,bfilkin9i@devhub.com,M,Research and Development,319 Cottonwood Circle,72330
344,Wileen Petett,wpetett9j@unicef.org,M,Human Resources,859 Hermina Parkway,96214
345,Alastair Richarson,aricharson9k@redcross.org,F,Support,7 Amoth Court,64373
346,Griswold Linnemann,glinnemann9l@wix.com,F,Marketing,74 Sauthoff Point,98568
347,Elva Hardern,ehardern9m@vistaprint.com,F,Sales,402 Judy Trail,60651
348,Darlleen Laffin,dlaffin9n@wikipedia.org,F,Accounting,8337 Elgar Pass,71821
349,Brigitte Nordass,bnordass9o@sfgate.com,F,Product Management,61 Memorial Plaza,91529
350,Wilek O Sullivan,wo9p@tinyurl.com,M,Training,84 Anthes Point,68668
351,Imelda Faircliff,ifaircliff9q@wikispaces.com,M,Services,2 Acker Court,81830
352,Edwina Windrass,ewindrass9r@woothemes.com,F,Business Development,6 Melody Pass,88960
353,Vale Ascrofte,vascrofte9s@pen.io,M,Support,8 Moland Point,81005
354,Pansy Beggi,,F,Product Management,6934 Bobwhite Drive,52980
355,Kai Roles,kroles9u@bing.com,M,Business Development,71 Havey Way,64548
356,Gloriane Royal,groyal9v@github.com,M,Support,3 Milwaukee Parkway,52138
357,Susanna Feaver,sfeaver9w@godaddy.com,F,Training,8294 Eggendart Trail,77721
358,Natalee Poole,npoole9x@smugmug.com,F,Services,45 Heffernan Circle,40683
359,Eachelle Brimilcombe,ebrimilcombe9y@zdnet.com,M,Support,4 Hooker Point,47909
360,Dorita Cartledge,dcartledge9z@dion.ne.jp,M,Services,8950 Oxford Crossing,87575
361,Sterling Overington,soveringtona0@statcounter.com,F,,1 Paget Lane,45610
362,Korney Maestrini,kmaestrinia1@eepurl.com,F,Sales,78 Dennis Drive,61091
363,Malynda Cropton,mcroptona2@nsw.gov.au,M,Accounting,017 Southridge Avenue,79431
364,Lilyan Whittlesey,lwhittleseya3@deliciousdays.com,F,Research and Development,5 Canary Court,58242
365,Derk Sawford,dsawforda4@furl.net,F,,77763 Sommers Street,66690
366,Tiena Musgrove,tmusgrovea5@livejournal.com,F,Research and Development,169 Bultman Trail,50270
367,Chandal Cellone,ccellonea6@ucoz.ru,F,Services,2979 East Trail,60662
368,Garnet Matfield,gmatfielda7@etsy.com,F,Product Management,662 Red Cloud Junction,47196
369,Graig Joist,gjoista8@goo.gl,M,,92384 Golf View Avenue,86289
370,Silas Strippel,sstrippela9@nbcnews.com,F,Marketing,6 Clove Junction,64691
371,Mano Topley,mtopleyaa@cnet.com,M,Support,64 Independence Terrace,54121
372,Hurleigh Francais,hfrancaisab@japanpost.jp,M,Legal,70 Anthes Way,42340
373,Kermit Shavel,kshavelac@gmpg.org,M,Human Resources,84 Londonderry Road,47498
374,Ali Gethyn,agethynad@microsoft.com,M,Legal,333 Green Ridge Way,54217
375,Ulrich Hedditeh,uhedditehae@yellowpages.com,F,Legal,28004 Warbler Pass,73492
376,Callean Fripp,cfrippaf@rediff.com,M,Services,44813 Golf Junction,70902
377,Parry Eichmann,peichmannag@springer.com,M,,1593 Moose Drive,56349
378,Jodie Creech,jcreechah@lycos.com,F,Services,60 Havey Pass,42501
379,Cinderella Hurch,churchai@aol.com,F,Engineering,558 Dorton Point,42370
380,Johnathon Symes,jsymesaj@oaic.gov.au,F,Sales,182 Scoville Terrace,76492
381,Georgie Quinell,gquinellak@ask.com,M,Training,123 Dixon Way,49638
382,Knox Petrazzi,kpetrazzial@newyorker.com,F,Sales,83519 Saint Paul Parkway,85288
383,Rosene Rodder,rrodderam@nps.gov,M,Accounting,6366 Mallard Street,96859
384,Ashly Mudle,amudlean@alexa.com,M,Human Resources,979 Swallow Lane,74290
385,Nealon Costin,ncostinao@meetup.com,F,Training,44 Elka Junction,83672
386,Sylvester Lansdale,slansdaleap@mac.com,F,Support,39 Green Ridge Center,95010
387,Fleur Sawley,,F,Human Resources,5 Packers Center,42600
388,Franciska Greswell,fgreswellar@si.edu,F,Legal,466 Mayer Plaza,67474
389,Tadeas Bilyard,tbilyardas@sogou.com,F,Product Management,6 Lighthouse Bay Parkway,52155
390,Bonny Lanyon,blanyonat@businessinsider.com,F,Support,364 Loeprich Street,61614
391,Rosalinda Banham,rbanhamau@usnews.com,F,Legal,6287 Esker Lane,56675
392,Rosalind Hazeldene,rhazeldeneav@sfgate.com,F,Support,466 Morningstar Park,86190
393,Merle Euesden,meuesdenaw@about.com,M,Support,9 Tennessee Lane,64499
394,Annalise Blackwell,ablackwellax@bing.com,F,,39632 Acker Alley,95473
395,Fae Lynthal,flynthalay@cam.ac.uk,M,,77791 Haas Way,86192
396,Chad Whatley,cwhatleyaz@topsy.com,M,Product Management,721 Lighthouse Bay Crossing,96572
397,Robenia Walicki,,M,Product Management,2 Annamark Junction,71253
398,Mitchael Hanney,mhanneyb1@people.com.cn,F,Sales,136 Thierer Place,87854
399,Sig Wearing,swearingb2@uiuc.edu,F,Marketing,3 Talisman Center,99800
400,Langston Bathoe,lbathoeb3@vk.com,F,Training,4588 Walton Crossing,95492
401,Romola Shelp,rshelpb4@amazon.de,F,Human Resources,064 Dixon Court,68097
402,Riley Garvill,,M,,0 Sundown Road,72271
403,Ardeen Colton,acoltonb6@foxnews.com,F,Product Management,5 Oak Plaza,55192
404,Ruthann Bayman,rbaymanb7@printfriendly.com,F,Business Development,74740 Summer Ridge Road,57584
405,Lian Pepye,,M,Legal,94845 Shasta Terrace,88184
406,Laureen Lahrs,llahrsb9@github.com,M,,5 Crowley Circle,63258
407,Carroll Cloonan,ccloonanba@xrea.com,M,,14 Lake View Drive,45490
408,Dannie Bolland,dbollandbb@statcounter.com,F,Human Resources,8004 Corben Junction,58780
409,Aldon Nanuccioi,ananuccioibc@howstuffworks.com,M,Legal,4 Northport Place,82652
410,Glennie Fassan,,M,Sales,7226 Browning Alley,41902
411,Garreth Kimmince,gkimmincebe@vistaprint.com,M,Product Management,087 Killdeer Point,50150
412,Jeremie Bidgood,jbidgoodbf@irs.gov,F,Legal,0653 Melby Avenue,51917
413,Eirena Baston,,F,Services,1 Cherokee Street,90779
414,Arty Leonarde,aleonardebh@google.com,M,Human Resources,519 Lighthouse Bay Crossing,69339
415,Corrinne Mapam,cmapambi@skyrock.com,M,,95 Lakewood Gardens Street,91063
416,Dot Sysland,dsyslandbj@miitbeian.gov.cn,F,,0159 Hazelcrest Plaza,42734
417,Stevie Biddlecombe,sbiddlecombebk@blog.com,M,Product Management,970 Maple Plaza,52161
418,Ravi Hornig,rhornigbl@surveymonkey.com,M,Marketing,43 Buena Vista Alley,97600
419,Cazzie Ryves,cryvesbm@usa.gov,F,Marketing,1624 Heffernan Terrace,84789
420,Torrance Mangenot,tmangenotbn@mashable.com,F,Sales,448 Transport Place,83752
421,Mathew Lindner,mlindnerbo@reddit.com,F,Human Resources,7 Sugar Park,87191
422,Cyndia O'Kenny,cokennybp@oakley.com,F,,72686 Northland Trail,87248
423,Gifford Molson,gmolsonbq@unesco.org,M,Marketing,95 Ilene Center,61965
424,Rutherford Culross,rculrossbr@narod.ru,F,Sales,2 Blackbird Parkway,54537
425,Rodd Gouch,rgouchbs@51.la,M,Engineering,2227 Melrose Center,92902
426,Eadie Sneesbie,esneesbiebt@sun.com,F,Research and Development,8 7th Hill,73747
427,Delaney Cowlam,dcowlambu@youtu.be,F,Support,61112 Paget Alley,98536
428,Paula Glabach,pglabachbv@netlog.com,F,Product Management,4838 Chinook Crossing,70951
429,Torre Isted,tistedbw@gravatar.com,M,Accounting,32 La Follette Center,92577
430,Pablo Emons,pemonsbx@arstechnica.com,M,Marketing,435 Montana Junction,58277
431,Dodie Mather,dmatherby@w3.org,M,Business Development,3 Fuller Hill,44310
432,Clemens Aldren,caldrenbz@tinypic.com,F,Human Resources,8639 Lerdahl Hill,51321
433,Lilian Ivatt,livattc0@cocolog-nifty.com,M,Product Management,14878 Briar Crest Court,75415
434,Beauregard Fearnside,bfearnsidec1@berkeley.edu,F,Support,66 Kropf Parkway,62870
435,Bennie Dyzart,bdyzartc2@bloomberg.com,M,Research and Development,78413 Cody Hill,97258
436,Hank Bridden,hbriddenc3@linkedin.com,M,Sales,70 Hermina Terrace,46303
437,Emmeline Eteen,eeteenc4@amazon.com,M,,9093 Sachs Place,87527
438,Godwin Kinner,gkinnerc5@weather.com,F,Product Management,0652 Anzinger Place,99851
439,Mozelle Lovick,,M,Support,204 Towne Place,64678
440,Svend Adney,sadneyc7@surveymonkey.com,F,Business Development,095 Logan Trail,83332
441,Yorke Domelow,ydomelowc8@arstechnica.com,F,Legal,910 Esker Place,48727
442,Eugenio Toynbee,etoynbeec9@4shared.com,F,,3 Continental Road,82720
443,Jessamine Baignard,jbaignardca@who.int,F,Legal,90 Kinsman Alley,45927
444,Curt Zecchii,czecchiicb@examiner.com,F,Business Development,8365 Milwaukee Road,50312
445,Aron Leghorn,aleghorncc@de.vu,M,Product Management,45 Harbort Park,60891
446,Jana Adamovich,jadamovichcd@usda.gov,F,Engineering,34 Barnett Center,40328
447,Keenan Danilovic,kdanilovicce@dmoz.org,M,Accounting,23 Esch Hill,91510
448,Braden Nuschke,bnuschkecf@cpanel.net,M,,29 Hoepker Pass,70876
449,Miof mela Juzek,mmelacg@adobe.com,M,,86433 Main Way,95049
450,Jerome Rosenstein,jrosensteinch@ucla.edu,M,Human Resources,2777 High Crossing Way,86535
451,Charlie Dawidowitsch,cdawidowitschci@wordpress.com,M,Sales,57055 Granby Place,74284
452,Arleta Johnes,ajohnescj@oakley.com,M,,61 East Center,82243
453,Orville Magne,omagneck@nyu.edu,M,Marketing,97994 Judy Pass,86626
454,Frederick Brownlow,,F,,17525 Waubesa Avenue,55464
455,Meara Greville,mgrevillecm@prweb.com,M,Research and Development,242 Barnett Parkway,40506
456,Goldie Gleave,ggleavecn@odnoklassniki.ru,M,Engineering,556 Columbus Center,95695
457,Celestia Bridgeland,cbridgelandco@is.gd,M,Marketing,992 Clemons Court,69783
458,Marty Sebrens,,M,Marketing,6 Sycamore Street,45373
459,Halie Benes,hbenescq@senate.gov,M,,3 Raven Hill,99598
460,Tricia Billingsly,tbillingslycr@salon.com,F,Accounting,79653 Buhler Parkway,46112
461,Nathanael Franiak,nfraniakcs@alexa.com,M,Product Management,25396 Forest Run Parkway,80338
462,Dun Georger,dgeorgerct@independent.co.uk,M,,318 Northfield Crossing,44141
463,Garrot Ollerhead,,M,Support,2483 Grover Road,51838
464,Hilton Gibson,hgibsoncv@miibeian.gov.cn,M,Marketing,9668 Haas Hill,81880
465,Jecho Antonognoli,jantonognolicw@army.mil,M,Engineering,60075 Coolidge Lane,40173
466,Paten Gomar,pgomarcx@tinyurl.com,F,,512 Monterey Alley,59003
467,Karrah Andriessen,kandriessency@blogtalkradio.com,F,Support,0 Moose Alley,71701
468,Andris Gloves,aglovescz@chronoengine.com,M,Services,8224 Twin Pines Plaza,69527
469,Tedra Piff,tpiffd0@edublogs.org,M,Accounting,69 Meadow Vale Street,47493
470,Vera Winscomb,vwinscombd1@webmd.com,M,Legal,5126 Mosinee Point,68918
471,Janine Kitcher,jkitcherd2@sciencedaily.com,F,Product Management,7 Fieldstone Circle,74612
472,Gian Stansell,gstanselld3@ucla.edu,F,Business Development,139 Buell Crossing,85914
473,Lydia Shatliffe,lshatliffed4@cmu.edu,M,Training,17202 Autumn Leaf Alley,91108
474,Terza Rycraft,trycraftd5@amazon.co.jp,F,Research and Development,393 Rigney Alley,64169
475,Eduardo Blacklidge,,M,Services,3 Maple Alley,77304
476,Robina Annatt,rannattd7@upenn.edu,M,Support,76203 Larry Crossing,46425
477,Antonetta Budding,abuddingd8@businessinsider.com,F,Accounting,257 Southridge Hill,65193
478,Aurore Bilby,abilbyd9@marriott.com,M,Training,74 Corscot Hill,73288
479,Ambros Rochelle,arochelleda@artisteer.com,F,Services,16 Kensington Drive,57597
480,Kacie Chatt,kchattdb@creativecommons.org,M,Business Development,416 Bunting Place,62283
481,Evey Stoggles,estogglesdc@ameblo.jp,M,Research and Development,289 Bonner Center,82460
482,York Fossey,yfosseydd@mail.ru,M,Training,7 Talisman Lane,92682
483,Alexio Blampied,ablampiedde@addtoany.com,F,,9 Wayridge Crossing,88736
484,Ramonda Pilpovic,rpilpovicdf@intel.com,M,Services,57827 Bowman Avenue,81309
485,Ripley Bikker,rbikkerdg@jugem.jp,M,Legal,5200 8th Park,74767
486,Mela Caffery,mcafferydh@java.com,M,Human Resources,78140 Lighthouse Bay Lane,69258
487,Scottie Audas,saudasdi@macromedia.com,M,Product Management,15 Sloan Center,77674
488,Franz Maus,fmausdj@tmall.com,M,Accounting,7 Sutherland Lane,40509
489,Lucho Fowlestone,lfowlestonedk@zdnet.com,F,Human Resources,769 Homewood Court,66449
490,Mimi Giacoboni,mgiacobonidl@sakura.ne.jp,F,,845 Mallard Court,48881
491,Isabelle Belamy,ibelamydm@eventbrite.com,M,,8766 Ruskin Plaza,54113
492,Griffith Happer,ghapperdn@ustream.tv,F,Product Management,915 Bartillon Crossing,56408
493,Glen Beauly,,F,Services,321 Pond Avenue,92535
494,Percy Miklem,pmiklemdp@umn.edu,M,Human Resources,5 Fieldstone Hill,42628
495,Melinde Skillington,,F,Product Management,9257 Sullivan Circle,41942
496,Chev Grassi,cgrassidr@utexas.edu,M,Human Resources,7945 Fuller Place,42913
497,Malissa Weare,mweareds@cdc.gov,M,,68 Logan Center,49727
498,Garrek Huster,ghusterdt@smugmug.com,M,,58 Jenna Place,93214
499,Dale Moehle,dmoehledu@microsoft.com,M,,555 Mesta Park,57405
500,Reggie Larrington,rlarringtondv@mashable.com,M,Training,03849 Surrey Lane,41626
501,Karna Botton,kbottondw@163.com,F,Support,92 Mccormick Alley,62542
502,Zonda Finker,zfinkerdx@themeforest.net,M,Support,83 Kings Place,75819
503,Roberto Lockton,rlocktondy@sina.com.cn,F,Support,6745 Glacier Hill Avenue,83525
504,Weston Courteney,wcourteneydz@hc360.com,F,Product Management,0028 Golf Course Drive,69022
505,Angelia Cobson,acobsone0@zimbio.com,F,Research and Development,8874 Granby Point,65533
506,Hyacinthie Gillebert,hgilleberte1@shinystat.com,M,Product Management,30 Dryden Center,44552
507,Kassia Tailby,ktailbye2@spiegel.de,F,Product Management,862 Swallow Court,74859
508,Gavra Cardis,gcardise3@qq.com,F,Marketing,5038 Dryden Pass,43040
509,Fern Tapenden,ftapendene4@hud.gov,F,,1520 Larry Lane,74650
510,Cyrus Bere,cberee5@vk.com,M,Services,90742 Muir Point,89188
511,Nahum Kubanek,nkubaneke6@alexa.com,F,Support,5 Bartillon Road,46454
512,Che Hutcheon,chutcheone7@ask.com,F,,1 Dwight Place,49466
513,Sherwynd Kilalea,skilaleae8@goo.ne.jp,M,Business Development,8 Lawn Center,43515
514,Nicol Khan,nkhane9@fema.gov,F,Marketing,368 Hansons Plaza,97592
515,Darsey Idel,didelea@miibeian.gov.cn,M,Business Development,19826 Manitowish Drive,67563
516,Gusty Tasseler,gtasselereb@nifty.com,M,Business Development,199 Arapahoe Trail,45411
517,Aldous Cazalet,acazaletec@homestead.com,M,Engineering,76899 Shopko Crossing,77393
518,Noah Collman,ncollmaned@nytimes.com,F,Legal,353 Daystar Place,99132
519,Janie Fransinelli,jfransinelliee@who.int,M,Accounting,9 Cherokee Point,43764
520,Leah De Matteis,,F,Product Management,23 Stone Corner Drive,63361
521,Suzy Karlmann,skarlmanneg@amazonaws.com,F,Engineering,71 Welch Hill,83858
522,Belia Latchmore,blatchmoreeh@youku.com,M,,67970 Cascade Lane,97995
523,Suzy Godehard.sf,sgodehardsfei@360.cn,M,Sales,98281 Southridge Way,43070
524,Sorcha Oliva,solivaej@scribd.com,F,Marketing,31942 Hauk Drive,92676
525,Wittie Walls,wwallsek@soup.io,F,Legal,823 Steensland Center,65753
526,Samantha Patshull,spatshullel@blogs.com,M,Support,3446 Dennis Terrace,97236
527,Arabele Harriday,aharridayem@dot.gov,F,Support,08491 Paget Way,80704
528,Lindon Belli,lbellien@fotki.com,M,Accounting,91456 Northfield Crossing,87668
529,Evelin Barrable,ebarrableeo@washingtonpost.com,M,Research and Development,057 Meadow Vale Place,54321
530,Chance McCanny,cmccannyep@ifeng.com,M,,5635 Roxbury Street,88524
531,Nevin Dowdeswell,ndowdeswelleq@utexas.edu,F,Business Development,868 Ruskin Trail,96926
532,Carrissa Lux,cluxer@foxnews.com,M,,24 Swallow Pass,83925
533,Sibelle Isley,,F,Legal,08132 Warrior Street,68028
534,Natala Marjanovic,nmarjanovicet@discovery.com,M,Product Management,75 Jay Street,58914
535,Ranee McGreal,rmcgrealeu@ovh.net,M,Engineering,51194 Coolidge Road,83896
536,Sigfrid Nock,snockev@chronoengine.com,F,Research and Development,294 Maryland Drive,65554
537,Barney Jeffcock,bjeffcockew@npr.org,M,Support,5092 Pepper Wood Drive,49612
538,Drusy Latchmore,dlatchmoreex@pinterest.com,F,Research and Development,55 Spenser Terrace,53958
539,Bonnee Shoorbrooke,bshoorbrookeey@spiegel.de,M,Services,22307 Oriole Road,41474
540,Kevina Dyerson,kdyersonez@unblog.fr,F,Services,264 Namekagon Junction,45579
541,Honey Hopfer,hhopferf0@dyndns.org,F,Sales,140 Thierer Hill,70705
542,Winston Stitcher,wstitcherf1@illinois.edu,F,,51609 Anthes Parkway,96966
543,Dolf Palumbo,dpalumbof2@freewebs.com,F,Marketing,5 Burrows Crossing,77931
544,Candis Belsham,,F,,68 Shelley Lane,51204
545,Myron Dochon,mdochonf4@xinhuanet.com,F,Services,604 Warbler Center,79600
546,Bonnie Hatfield,bhatfieldf5@google.fr,F,,155 Portage Crossing,41610
547,Dallas Elsip,delsipf6@oakley.com,F,Product Management,895 Portage Plaza,72310
548,Avis Zorzini,azorzinif7@samsung.com,M,Legal,269 Rigney Road,53037
549,Silvia Flett,sflettf8@stanford.edu,F,Training,63 Golf Course Park,41475
550,Ellen Graveston,egravestonf9@redcross.org,M,Product Management,9623 Claremont Avenue,69121
551,Karita Buckthorpe,,F,,1096 Melby Alley,42169
552,Ludovika Reay,lreayfb@icio.us,M,Research and Development,48 Surrey Parkway,44108
553,Darbie Titherington,dtitheringtonfc@sohu.com,M,Legal,001 Village Trail,85661
554,Randolph Pavlovsky,rpavlovskyfd@archive.org,F,Legal,6488 Sachs Hill,41738
555,Hank Klausen,hklausenfe@spiegel.de,F,Accounting,2 Claremont Alley,48475
556,Sidonnie Menel,smenelff@oaic.gov.au,F,Sales,06748 Spaight Alley,40770
557,Lona Aggas,laggasfg@patch.com,F,Training,45 Basil Trail,99251
558,Nita Matushenko,nmatushenkofh@phpbb.com,M,Legal,5185 Talisman Terrace,61551
559,Andres Durden,adurdenfi@deviantart.com,F,Legal,24436 Lakewood Gardens Pass,77455
560,Yalonda Del Dello,ydelfj@biblegateway.com,F,,5 Westend Drive,79905
561,Ave Hanselmann,ahanselmannfk@wired.com,F,,40 Gina Plaza,85457
562,Silvain O'Bradane,sobradanefl@miitbeian.gov.cn,F,Legal,1 Sutherland Point,45300
563,Audrye Niemiec,aniemiecfm@mediafire.com,M,Marketing,0015 Bartelt Street,88078
564,Dorotea Grigoroni,dgrigoronifn@squarespace.com,M,Accounting,0633 Loftsgordon Trail,57907
565,Dodie Tylor,dtylorfo@ebay.co.uk,F,Research and Development,33 Heffernan Pass,61186
566,Sinclair Spoward,sspowardfp@newyorker.com,M,,6 Reindahl Avenue,93317
567,Tannie Butt,tbuttfq@narod.ru,F,,8016 Fairview Street,75582
568,Russell Hazeman,rhazemanfr@mapquest.com,M,Accounting,2 Armistice Center,59327
569,Arlan Cappell,acappellfs@icio.us,M,Research and Development,9621 Schmedeman Junction,50989
570,Barthel Ritch,britchft@hp.com,M,Engineering,578 Blaine Park,47122
571,Brett Cronchey,bcroncheyfu@tripadvisor.com,M,,44709 Eagle Crest Park,63314
572,Pincus Pendry,ppendryfv@e-recht24.de,F,,37 Duke Junction,43578
573,Sheff Lehrer,slehrerfw@economist.com,F,Services,83 Dryden Avenue,64531
574,Veronica Ousbie,,M,,2 Lindbergh Crossing,63612
575,Rose Marner,rmarnerfy@utexas.edu,M,Research and Development,12 Onsgard Terrace,78892
576,Elberta Romand,eromandfz@phoca.cz,F,Business Development,19391 Farwell Trail,78560
577,Kelsey Madgwick,kmadgwickg0@1688.com,M,Product Management,919 Melody Street,93290
578,Demeter Benoi,dbenoig1@rediff.com,M,Training,47439 Kensington Avenue,55537
579,Josephina Josland,jjoslandg2@homestead.com,M,Training,346 Jana Plaza,56706
580,Jackie Livingston,jlivingstong3@hatena.ne.jp,M,Business Development,54 Sherman Lane,49919
581,Gibb Hamber,ghamberg4@vinaora.com,M,Support,9723 Ridgeview Alley,46711
582,Lynna Aldhous,laldhousg5@google.ru,M,Legal,17614 Doe Crossing Court,72033
583,Stavros Robeiro,srobeirog6@nba.com,M,,5 Erie Center,57545
584,Leyla le Keux,lleg7@nbcnews.com,M,Product Management,08812 Stang Avenue,82019
585,Leone Coupe,lcoupeg8@reference.com,M,Services,151 Farwell Way,56878
586,Riva Redshaw,rredshawg9@marketwatch.com,M,Research and Development,5732 Spenser Crossing,45483
587,Hillyer Attewill,hattewillga@webs.com,M,Human Resources,95146 Hauk Center,88506
588,Enrique Mains,emainsgb@cam.ac.uk,F,,27 Veith Junction,49036
589,Elbert Dorney,edorneygc@deviantart.com,M,Human Resources,78 Leroy Parkway,73269
590,Aurie Cheater,acheatergd@scientificamerican.com,F,Business Development,414 Gerald Terrace,50240
591,Bernie Tommeo,btommeoge@mashable.com,M,Support,18831 Cardinal Terrace,41383
592,Nadine Kolakowski,nkolakowskigf@toplist.cz,M,Support,9 Cherokee Pass,66366
593,Miquela Seacombe,mseacombegg@squidoo.com,M,Services,0 Gulseth Circle,85384
594,Chelsy Prettyman,cprettymangh@prweb.com,F,Marketing,34140 Roxbury Center,84453
595,Elka Bulleyn,ebulleyngi@marriott.com,F,Accounting,75758 Spaight Circle,42155
596,Teresita Gabitis,,F,Marketing,06052 Hoard Street,77318
597,Max Folker,mfolkergk@blogger.com,F,Services,0 Derek Trail,66232
598,Rosalyn Dumbreck,rdumbreckgl@icq.com,F,Marketing,08618 Farwell Lane,41443
599,Jessy Wedgbrow,,M,Services,36 Truax Avenue,82387
600,Alisha Outibridge,aoutibridgegn@list-manage.com,M,,27553 Texas Terrace,94711
601,Adham Betz,abetzgo@macromedia.com,F,Sales,93692 East Trail,53803
602,Angeline Duffill,,F,Human Resources,8016 Schmedeman Park,97486
603,Osmund Furzey,ofurzeygq@dedecms.com,F,Research and Development,33441 Tomscot Terrace,76867
604,Verna Genty,,M,Sales,8063 Reinke Lane,61691
605,Taddeo Benge,tbengegs@tinypic.com,M,Research and Development,9432 Mallory Court,97150
606,Nikola Oldcroft,noldcroftgt@slate.com,F,Engineering,4 Hauk Point,51488
607,De witt Menary,,F,Engineering,726 Reindahl Point,74446
608,Calley Ingre,cingregv@webnode.com,F,Research and Development,62 Hovde Road,61725
609,Leif Kas,lkasgw@tripadvisor.com,F,,2483 Messerschmidt Center,55889
610,Carla Grenkov,cgrenkovgx@freewebs.com,M,Sales,264 Darwin Circle,86328
611,Celia Buttler,cbuttlergy@geocities.com,F,,453 Stuart Road,74077
612,Scarlett Gillum,sgillumgz@usa.gov,M,,74 Blaine Street,84175
613,Tanney Enticott,tenticotth0@opera.com,M,Sales,72 Reindahl Point,51241
614,Ashlie Schollar,aschollarh1@state.tx.us,M,Human Resources,190 Twin Pines Avenue,80521
615,Gerrard Zavattero,gzavatteroh2@lycos.com,M,Business Development,25 Dayton Park,45709
616,Lindsay Kofax,lkofaxh3@multiply.com,M,Accounting,81 Northport Trail,98545
617,Carolyn Louth,clouthh4@mapy.cz,F,Human Resources,73144 Granby Alley,64124
618,Addie Goane,agoaneh5@google.ca,M,Accounting,8 Melvin Street,78295
619,Alvin Jori,ajorih6@tripadvisor.com,M,Services,19 School Center,42722
620,Charita de Clerk,,M,Training,2121 Kensington Pass,99668
621,Franzen Shrimpton,fshrimptonh8@cargocollective.com,M,Services,30 Nobel Road,49134
622,Jonas Perford,jperfordh9@ihg.com,M,Legal,94425 Sutherland Place,72138
623,Holly Mathivet,hmathivetha@wikispaces.com,F,,8 Knutson Road,75567
624,Rene Dymond,rdymondhb@examiner.com,F,Accounting,52646 Monterey Junction,71788
625,Faustina Goodanew,fgoodanewhc@google.pl,F,Business Development,2 Rockefeller Point,86376
626,Kin McCahill,kmccahillhd@google.cn,F,Legal,22852 Forster Court,79348
627,Trixy Grinnikov,tgrinnikovhe@desdev.cn,F,Research and Development,6626 Packers Way,57227
628,Heinrick Antalffy,hantalffyhf@ehow.com,F,Engineering,31 New Castle Place,46417
629,Cesya Dugget,cduggethg@dagondesign.com,F,,35923 Sutteridge Plaza,53503
630,Korrie Aizkovitch,kaizkovitchhh@gnu.org,F,Business Development,1 Scofield Way,62614
631,Nertie Tavernor,ntavernorhi@shop-pro.jp,F,Business Development,275 Thompson Parkway,67045
632,Erda Giddons,egiddonshj@hubpages.com,F,Services,024 Bellgrove Drive,99394
633,Rickie Kasbye,rkasbyehk@prlog.org,M,Business Development,67288 Texas Center,56863
634,Olivier Hunstone,ohunstonehl@ucsd.edu,M,Product Management,103 Straubel Point,42391
635,Leese Hazeltine,lhazeltinehm@sakura.ne.jp,F,Product Management,55 Gulseth Park,67204
636,Hilde Seilmann,hseilmannhn@yelp.com,M,Research and Development,9517 Loftsgordon Center,53461
637,Corty Connochie,cconnochieho@cnet.com,F,Engineering,38099 Butterfield Junction,57322
638,Binny Spearett,bspearetthp@nymag.com,M,Human Resources,8995 Cherokee Trail,82040
639,Neda Richardin,nrichardinhq@jugem.jp,F,Services,3908 Reindahl Drive,70722
640,Rafaello Boord,rboordhr@alexa.com,F,Legal,0 Rutledge Way,97983
641,Kain Scandrite,kscandritehs@de.vu,F,Business Development,3 Montana Crossing,62103
642,Susette Toler,stolerht@tumblr.com,M,Human Resources,99 Barby Crossing,55235
643,Othilia Strothers,ostrothershu@unc.edu,M,Support,74617 Scott Alley,54068
644,Moishe Collier,mcollierhv@woothemes.com,M,,182 Arizona Circle,73044
645,Vincenty Orwin,,F,Product Management,20 Westerfield Pass,92413
646,Madelon Venart,mvenarthx@amazonaws.com,M,Services,409 Nobel Circle,91080
647,Dru Probat,dprobathy@bloglines.com,F,Sales,15 Maywood Circle,92059
648,Amalle Offield,aoffieldhz@nationalgeographic.com,M,Human Resources,02 Kings Point,82668
649,Granthem Cadalleder,gcadallederi0@apache.org,F,Support,8 Maywood Trail,95802
650,Nedi Worner,nworneri1@bravesites.com,F,Human Resources,7364 Bluestem Court,49245
651,Corly Osipov,cosipovi2@deliciousdays.com,M,Engineering,4 Warner Plaza,97382
652,Merola Siman,msimani3@about.com,F,,77826 Blaine Plaza,49796
653,Fiann Goakes,fgoakesi4@behance.net,M,,9 Tomscot Circle,94711
654,Atlante Sykora,asykorai5@4shared.com,F,Marketing,88792 Buena Vista Street,69620
655,Jaime Drew,jdrewi6@cocolog-nifty.com,F,Services,35 La Follette Alley,54403
656,Mercy Boys,mboysi7@163.com,M,,8 Arrowood Lane,50389
657,Guglielma MacNeillie,gmacneilliei8@cnn.com,M,Engineering,0 Stoughton Way,91340
658,Randi Weatherhill,rweatherhilli9@miibeian.gov.cn,F,Sales,9880 Boyd Crossing,98745
659,Bronson D'Arrigo,bdarrigoia@businessweek.com,M,Marketing,38 Melby Circle,83234
660,Alie Dumbreck,adumbreckib@lulu.com,M,,86 Schurz Hill,93232
661,Erhard Smaridge,esmaridgeic@tmall.com,M,,4222 3rd Avenue,53051
662,Brooks Rumming,brummingid@unblog.fr,F,Engineering,29912 Kennedy Way,94895
663,Brodie Vigneron,bvigneronie@shop-pro.jp,F,,7 Fairview Center,49523
664,Parnell Bastie,pbastieif@newyorker.com,F,Training,8 Cody Point,59533
665,Charmaine Errol,cerrolig@thetimes.co.uk,M,Engineering,81 Westend Junction,50932
666,Shanda Lay,slayih@ovh.net,F,Sales,23116 Kings Trail,61094
667,Hinda Duffield,,F,Research and Development,5 4th Junction,41410
668,Willdon Kevlin,wkevlinij@creativecommons.org,M,Engineering,7046 Dakota Trail,97010
669,Aaren Bradie,,M,Sales,29 Northfield Circle,51314
670,Vale Stowell,vstowellil@4shared.com,F,,1669 Columbus Point,94215
671,Meg Suston,msustonim@blinklist.com,F,Research and Development,76833 Northridge Hill,58884
672,Charles Bythell,cbythellin@creativecommons.org,F,,113 Ohio Point,63144
673,Agustin Bulcroft,abulcroftio@newsvine.com,M,Engineering,7021 Menomonie Place,46249
674,Hershel Red,hredip@taobao.com,F,Legal,6453 Coleman Lane,70988
675,Berny Pemble,bpembleiq@princeton.edu,M,Support,17976 New Castle Alley,84681
676,Guthrie Bartlomiejczyk,gbartlomiejczykir@samsung.com,F,Training,8 Clyde Gallagher Lane,64785
677,Colene Nower,cnoweris@rakuten.co.jp,F,Sales,7518 Anderson Junction,71078
678,Rowena Wanne,rwanneit@who.int,M,Engineering,421 Laurel Trail,91615
679,Olia Annets,oannetsiu@opera.com,F,Services,966 Lillian Place,53353
680,Ashien Bevan,,F,Legal,474 7th Street,85704
681,Shandra Leavry,sleavryiw@posterous.com,M,,94 Hollow Ridge Terrace,82432
682,Charmion Salzburger,csalzburgerix@sina.com.cn,M,Services,988 Oriole Avenue,59549
683,Dario Hoble,dhobleiy@delicious.com,M,Business Development,73007 Manufacturers Park,73793
684,Dalis Cranshaw,dcranshawiz@arstechnica.com,F,Marketing,08174 Thierer Trail,41719
685,Lucio Benech,lbenechj0@themeforest.net,M,Business Development,48763 Mcbride Pass,75512
686,Alix Scargle,ascarglej1@blogger.com,M,,82627 Bluestem Plaza,43044
687,Netta Phillott,nphillottj2@deliciousdays.com,F,Research and Development,11 Onsgard Court,64767
688,Lynn Hartly,lhartlyj3@google.pl,F,,13997 Meadow Vale Crossing,52382
689,Carlee Hearne,chearnej4@livejournal.com,M,Training,71 Fuller Parkway,96904
690,Sholom Highwood,shighwoodj5@naver.com,F,Legal,7 Burning Wood Alley,63232
691,Gunilla Abbott,gabbottj6@oakley.com,M,Accounting,6 Continental Crossing,80610
692,Tessie Jados,tjadosj7@netvibes.com,M,Engineering,039 American Street,56574
693,Vassili Porritt,vporrittj8@cloudflare.com,M,Legal,021 Muir Street,42259
694,Wolf Wanderschek,wwanderschekj9@disqus.com,F,Product Management,9 Linden Lane,47632
695,Letizia Loch,llochja@cyberchimps.com,M,Accounting,5717 Red Cloud Trail,78985
696,Issy Uman,iumanjb@tuttocitta.it,F,Accounting,63437 Springs Center,98336
697,Deborah Folkerts,dfolkertsjc@spotify.com,F,,89312 Portage Road,83841
698,Gennie Willows,gwillowsjd@theglobeandmail.com,F,Research and Development,0274 Twin Pines Court,81656
699,Etta Gilgryst,egilgrystje@xinhuanet.com,M,Human Resources,1 Nova Lane,49774
700,Flss Povele,,F,Product Management,601 Sachtjen Terrace,93119
701,Phylys Boddy,pboddyjg@epa.gov,M,,449 Holy Cross Crossing,40055
702,Jackson Christofe,jchristofejh@cyberchimps.com,F,Accounting,6376 Elka Way,63912
703,Pauli Mahaffey,pmahaffeyji@nps.gov,F,Services,79723 6th Trail,63204
704,Eran Pinniger,epinnigerjj@chicagotribune.com,M,Sales,1 Eastlawn Circle,46323
705,Lincoln Colbert,,F,Accounting,473 Thompson Road,70173
706,Tamqrah Leggitt,,M,,2519 La Follette Way,63309
707,Melisent Drohan,mdrohanjm@odnoklassniki.ru,M,Services,39622 Basil Avenue,69406
708,Bowie Morrott,,F,Business Development,77479 Becker Point,83916
709,Torey Langlais,tlanglaisjo@domainmarket.com,F,Training,547 Main Crossing,98375
710,Brendon Fawckner,bfawcknerjp@fc2.com,F,Product Management,256 Anderson Park,49770
711,Meriel Chesterton,mchestertonjq@digg.com,M,,97915 Carpenter Avenue,73537
712,Emogene Crispin,,F,Accounting,6604 Talmadge Point,67707
713,Nettie Gelly,ngellyjs@yelp.com,F,Legal,6 Cody Street,83462
714,Tristan Devey,tdeveyjt@craigslist.org,M,Marketing,3577 Bayside Court,86716
715,Deva Lochran,,F,Support,5 Reinke Circle,80773
716,Renado Bilson,rbilsonjv@bigcartel.com,M,Engineering,6657 Reindahl Avenue,52921
717,Hew Giscken,hgisckenjw@sakura.ne.jp,F,Engineering,77456 Schmedeman Point,41060
718,Mariele Ewell,,M,Research and Development,923 Northfield Terrace,56699
719,Glenna Hargrave,ghargravejy@comcast.net,M,Accounting,5638 Westerfield Crossing,64679
720,Duky Harower,dharowerjz@clickbank.net,F,,777 Delladonna Trail,56400
721,Bink Brower,bbrowerk0@last.fm,F,Engineering,8 Nova Avenue,58692
722,Cati Gabey,cgabeyk1@ca.gov,M,,158 Kim Court,79133
723,Gran Faichney,gfaichneyk2@reference.com,M,,2101 Warbler Pass,71047
724,Caspar Kindred,ckindredk3@cpanel.net,F,Engineering,0 Huxley Circle,53614
725,Maud Lambkin,mlambkink4@google.com.br,M,Support,6 Sage Park,66839
726,Briant Lofts,bloftsk5@whitehouse.gov,M,Accounting,55564 Victoria Junction,85798
727,Rebeka Lidbetter,rlidbetterk6@noaa.gov,M,Accounting,74812 Sundown Drive,91481
728,Skipton Pledger,spledgerk7@earthlink.net,M,Sales,02732 Reinke Pass,43445
729,Duffy Lattin,dlattink8@netscape.com,F,Research and Development,824 Mcbride Park,58306
730,Jake Etty,jettyk9@squidoo.com,M,Product Management,5 Bunker Hill Alley,40738
731,Elton Sawford,esawfordka@wikipedia.org,M,Accounting,98 Macpherson Trail,61622
732,Gussie Dullingham,gdullinghamkb@dailymotion.com,M,Product Management,6 Sloan Parkway,48997
733,Wren Riolfi,wriolfikc@hostgator.com,F,Engineering,3016 Homewood Junction,99639
734,Parker O'Scanlan,poscanlankd@adobe.com,M,Services,732 Graceland Avenue,55327
735,Vale Chancelier,vchancelierke@reference.com,M,Engineering,3198 Sunfield Crossing,75189
736,Gerome Rysdale,grysdalekf@edublogs.org,F,Support,43448 Mockingbird Park,51636
737,Edythe Thrussell,,F,Research and Development,19 Prairieview Crossing,85143
738,Barney Garlicke,bgarlickekh@alibaba.com,M,Human Resources,3 Cottonwood Crossing,64435
739,Sigmund Flanagan,sflanaganki@washington.edu,M,,3 Glendale Terrace,86050
740,Horacio Mather,hmatherkj@time.com,F,Accounting,45057 8th Avenue,43592
741,Ambrosius Playden,aplaydenkk@unicef.org,M,,9339 Almo Park,63044
742,Pooh Turbitt,pturbittkl@addtoany.com,F,Support,55 Ronald Regan Avenue,49399
743,Johnette Stotherfield,jstotherfieldkm@sitemeter.com,M,Engineering,7561 Hoepker Alley,75240
744,Homere Hought,hhoughtkn@fastcompany.com,M,Business Development,95 Doe Crossing Court,76867
745,Hashim Cubbinelli,hcubbinelliko@ft.com,M,Research and Development,691 Holy Cross Pass,87193
746,Freddie Keld,fkeldkp@amazon.co.jp,M,Human Resources,53 Briar Crest Parkway,48089
747,Hazel Alders,halderskq@github.io,M,Accounting,44771 2nd Junction,71564
748,Marrilee Drage,mdragekr@123-reg.co.uk,F,Services,87 Coolidge Lane,80839
749,Tomasina Casswell,tcasswellks@samsung.com,M,Engineering,00696 Erie Circle,96312
750,Glenda Swancock,gswancockkt@youku.com,M,Training,569 Sheridan Point,51430
751,Coop Darmody,cdarmodyku@goodreads.com,F,,87254 Hudson Drive,62053
752,Marjy Finders,,M,Support,7804 Maple Wood Terrace,59079
753,Gannon Weildish,gweildishkw@globo.com,F,,4 Eastwood Plaza,80328
754,Cobb Carrack,ccarrackkx@cocolog-nifty.com,M,Accounting,225 8th Center,50948
755,Olva Lethby,olethbyky@nbcnews.com,M,Legal,5306 Fulton Place,67695
756,Thurstan Milburne,tmilburnekz@indiegogo.com,M,Training,6 Fremont Alley,73754
757,Geoffrey Bouda,,F,Business Development,38 Superior Lane,78600
758,Robina Paramore,rparamorel1@zimbio.com,M,Training,9 Carberry Way,48180
759,Lotti Berr,lberrl2@goodreads.com,M,Human Resources,68 Michigan Junction,98758
760,Merilee Aynscombe,maynscombel3@issuu.com,M,Marketing,676 Main Circle,48397
761,Willi Service,wservicel4@home.pl,F,Business Development,91550 Memorial Pass,73068
762,Devina Grosvenor,dgrosvenorl5@netvibes.com,F,Accounting,60 Reindahl Drive,65043
763,Raychel Caitlin,rcaitlinl6@dagondesign.com,F,,912 Westridge Trail,77203
764,Nonna Dionisetto,ndionisettol7@kickstarter.com,F,Accounting,12 Orin Way,88048
765,Denni Enden,,F,Accounting,7 Village Parkway,59533
766,Bogart Baldacco,bbaldaccol9@fda.gov,M,Legal,19638 Ridgeview Plaza,88879
767,Jacinta Edworthye,jedworthyela@exblog.jp,M,Human Resources,7 Becker Way,95333
768,Linnell Willgrass,lwillgrasslb@w3.org,F,Human Resources,894 Washington Pass,58271
769,Devondra Chadband,dchadbandlc@illinois.edu,F,Business Development,0790 Evergreen Drive,93388
770,Dorena Belamy,dbelamyld@barnesandnoble.com,M,Sales,96247 Crescent Oaks Alley,88155
771,Nero Littlekit,,M,Product Management,245 Donald Hill,77519
772,Nell Patrickson,npatricksonlf@purevolume.com,M,,0137 Commercial Drive,65010
773,Francisco Castagne,fcastagnelg@ebay.com,M,Research and Development,7348 Stone Corner Crossing,70396
774,Heidi Kither,hkitherlh@exblog.jp,F,Product Management,79457 Laurel Plaza,93429
775,Averil Isles,aislesli@seattletimes.com,M,Sales,79777 Roth Terrace,67946
776,Irwinn Honniebal,ihonnieballj@aboutads.info,M,,665 4th Court,95898
777,Asia Smorthit,asmorthitlk@google.cn,M,Engineering,367 Sunnyside Pass,91472
778,Blake Scandroot,bscandrootll@tiny.cc,M,,0065 Linden Hill,87139
779,Alexandra Souley,asouleylm@dailymotion.com,F,Support,12680 Browning Place,52123
780,Jozef Marguerite,jmargueriteln@yahoo.co.jp,F,,468 Mallory Road,90490
781,Cosme Lattey,clatteylo@salon.com,M,Engineering,86414 Crescent Oaks Road,97487
782,Valentine Roubeix,vroubeixlp@ca.gov,F,Marketing,0 Delaware Avenue,50949
783,Denys McCaughren,dmccaughrenlq@nbcnews.com,M,Services,8 Eliot Plaza,92745
784,Aidan Mozzi,amozzilr@spotify.com,M,Accounting,7 Dennis Way,82812
785,Eduard Babalola,ebabalolals@samsung.com,F,,1 Clarendon Junction,80030
786,Brigg Kleeborn,,F,,35367 Stoughton Lane,83762
787,Stella Twaits,stwaitslu@hexun.com,F,Product Management,54128 Rigney Park,65430
788,Aurore McGenn,,M,Sales,958 Mosinee Terrace,68213
789,Matelda De la Eglise,mdelw@weebly.com,F,Research and Development,6 Towne Park,47223
790,Gay Haresnape,gharesnapelx@reference.com,M,,05047 Delaware Crossing,95359
791,Jacqueline Quinney,jquinneyly@webeden.co.uk,F,Human Resources,4416 Longview Hill,65608
792,Carmelina Berrington,cberringtonlz@tripod.com,M,Research and Development,98 Hintze Point,89982
793,Damian Rangle,dranglem0@google.com.br,F,Marketing,39232 Shelley Avenue,54800
794,Elfreda Byram,ebyramm1@yellowbook.com,F,Product Management,96365 Anderson Place,83981
795,Torrey Cremer,tcremerm2@blinklist.com,F,Product Management,036 Anhalt Street,44752
796,Dari Skermer,dskermerm3@mac.com,M,Research and Development,324 Ryan Terrace,73970
797,Tanitansy Edmondson,tedmondsonm4@symantec.com,F,Business Development,602 Sutherland Lane,81751
798,Scarface Troup,stroupm5@quantcast.com,M,Engineering,2692 Evergreen Center,96220
799,Merilyn Feedome,mfeedomem6@blogs.com,F,Research and Development,1947 Crowley Junction,55509
800,Obadiah Pierri,opierrim7@ocn.ne.jp,F,Marketing,00787 North Court,63182
801,Dene Peer,dpeerm8@odnoklassniki.ru,F,Marketing,402 Sugar Alley,44183
802,Celestina Jeram,cjeramm9@dropbox.com,M,Services,975 Forster Hill,81168
803,Daphna Valentino,dvalentinoma@goo.ne.jp,M,,9906 Tennyson Terrace,47505
804,Fabiano Jolley,fjolleymb@yahoo.co.jp,F,Product Management,53944 Doe Crossing Park,78715
805,Aubree Oakinfold,aoakinfoldmc@dedecms.com,M,Research and Development,8325 Spohn Drive,45508
806,Marsha Vinton,mvintonmd@archive.org,M,Research and Development,44 Luster Lane,97121
807,Franni Richemond,frichemondme@virginia.edu,M,Services,41 Melrose Court,80118
808,Karly Gartshore,kgartshoremf@example.com,F,Legal,08 Grasskamp Way,60283
809,Marja Balke,mbalkemg@nih.gov,F,Engineering,77817 Schlimgen Park,79003
810,Ariela O'Dulchonta,,F,Business Development,07673 Lawn Crossing,79916
811,Morgen Lindsey,mlindseymi@wiley.com,M,Product Management,02648 Arkansas Park,99060
812,Mahala Emlyn,memlynmj@dmoz.org,M,Product Management,4878 Kropf Junction,68886
813,Alden Jeremaes,ajeremaesmk@ameblo.jp,M,Product Management,11 Beilfuss Hill,63441
814,Rikki Stang-Gjertsen,rstanggjertsenml@jugem.jp,F,,054 Kings Parkway,42464
815,Ekaterina Caddick,ecaddickmm@twitter.com,F,Research and Development,12 Crest Line Junction,60214
816,Reg MacCurley,rmaccurleymn@accuweather.com,M,,5 Maryland Junction,42684
817,Wren Rodd,wroddmo@netvibes.com,M,Product Management,929 Northridge Avenue,91016
818,Inna Waye,iwayemp@typepad.com,M,Marketing,972 Garrison Crossing,94054
819,Gregg Buncom,,F,Services,06 Del Mar Trail,88961
820,Roze Farrell,rfarrellmr@shinystat.com,M,,0 Continental Center,97801
821,Diarmid Garritley,,M,Product Management,9441 Lien Plaza,82588
822,Nevil Frier,nfriermt@baidu.com,M,Product Management,5 Butternut Point,41035
823,Eba MacGraith,emacgraithmu@oracle.com,M,Sales,286 Troy Way,92643
824,Auria Vercruysse,avercruyssemv@ft.com,M,Business Development,21 Farwell Lane,56549
825,Parrnell Chappell,pchappellmw@addthis.com,M,,1456 Basil Trail,55066
826,Helaine Laight,hlaightmx@blogs.com,M,Accounting,926 Kensington Parkway,76688
827,Juliana Bernet,jbernetmy@tripod.com,M,,281 Springview Pass,45951
828,Zara McCaighey,zmccaigheymz@time.com,F,,870 Doe Crossing Parkway,78346
829,Harbert Straine,hstrainen0@google.cn,M,Sales,0359 Spohn Terrace,94886
830,Cherianne Edgler,cedglern1@upenn.edu,F,,7986 Hudson Crossing,53702
831,Lorna Chree,lchreen2@unicef.org,F,Training,168 Delaware Circle,67067
832,Devondra Reyburn,dreyburnn3@mac.com,F,Support,06 Mockingbird Avenue,51528
833,Ethyl Punton,epuntonn4@dailymotion.com,F,Engineering,039 Washington Center,78844
834,Kiri Kaaskooper,kkaaskoopern5@tinyurl.com,M,Marketing,2 Fair Oaks Avenue,70195
835,Kirby Welbelove,kwelbeloven6@so-net.ne.jp,M,,4833 Porter Street,61946
836,Tommie Roscamps,troscampsn7@hhs.gov,M,Research and Development,54 Amoth Circle,70002
837,Alison Mauger,,M,Accounting,232 Kennedy Trail,58606
838,Matthiew Chester,mchestern9@yale.edu,M,Services,8 Graceland Plaza,47938
839,Kathryn Boord,kboordna@webs.com,M,,0486 Merrick Parkway,83360
840,Anallise Batistelli,abatistellinb@google.com.hk,F,Business Development,05 Arizona Crossing,66038
841,Marty Bang,mbangnc@ihg.com,M,Support,9 Kensington Center,57596
842,Liam MacSween,lmacsweennd@yellowbook.com,M,Accounting,8 Dryden Road,56666
843,Claudetta McWhirter,cmcwhirterne@cornell.edu,M,Product Management,49 Sycamore Point,96990
844,Merrielle Casford,mcasfordnf@sun.com,M,,10 8th Pass,78036
845,Kari Field,kfieldng@illinois.edu,M,Sales,9 Bultman Road,46774
846,Robena Sindle,rsindlenh@apple.com,F,Research and Development,6 Gateway Point,42819
847,Rachel Chattey,rchatteyni@cafepress.com,F,Human Resources,77145 Sherman Drive,92899
848,Pierrette Harper,pharpernj@qq.com,F,,03 Waywood Plaza,65199
849,Jone Cicchillo,,F,,34 Anniversary Hill,76291
850,Torre Demogeot,tdemogeotnl@businessinsider.com,M,Support,1 Pennsylvania Point,46013
851,Karyl Asbrey,kasbreynm@example.com,F,Legal,268 Summit Road,64361
852,Cody Sydry,csydrynn@unicef.org,F,Training,138 Rowland Street,48613
853,Jocko Dockery,jdockeryno@aol.com,M,,539 Linden Place,78751
854,Alli McSaul,amcsaulnp@exblog.jp,M,Training,081 Doe Crossing Avenue,55005
855,Libby Kenrick,lkenricknq@hexun.com,F,Accounting,7 Manitowish Point,73534
856,Alis Lyddon,alyddonnr@ibm.com,F,Business Development,56 Oriole Drive,41713
857,Alexio Pottiphar,apottipharns@moonfruit.com,M,Engineering,7730 Arizona Circle,92117
858,Salmon Faussett,,M,Human Resources,7 Fremont Circle,42988
859,Meghan Snoday,msnodaynu@google.com.hk,F,Support,16 Eggendart Junction,65602
860,Leah Gozzett,lgozzettnv@state.gov,F,,9 Stone Corner Drive,41021
861,Jeanne Bauldrey,jbauldreynw@plala.or.jp,M,Support,3050 Graedel Crossing,68561
862,Didi Biddlecombe,dbiddlecombenx@mashable.com,F,Support,1906 Pierstorff Avenue,60065
863,Emmey Kemitt,ekemittny@wikimedia.org,F,,736 Stuart Alley,94093
864,Evelin Jankin,ejankinnz@google.ca,F,Legal,64 Marquette Terrace,92461
865,Prudy Mosedall,pmosedallo0@webnode.com,M,Services,6 Paget Trail,63281
866,Wake Leah,,F,Business Development,87 Northport Terrace,69900
867,Natassia Goodin,ngoodino2@technorati.com,F,Business Development,13485 Independence Circle,57311
868,Glennie Worcester,gworcestero3@usnews.com,F,,6 Nelson Court,46310
869,Ferd Asbrey,fasbreyo4@github.io,F,Services,2740 Summerview Junction,88441
870,Alfred Orgel,aorgelo5@sohu.com,F,Marketing,46075 Warbler Trail,82974
871,Boyd Kibard,,M,Training,24 Graedel Avenue,74795
872,Sal Emmott,semmotto7@ucsd.edu,F,Sales,389 Banding Pass,68818
873,Alberik Father,afathero8@spiegel.de,F,Marketing,7909 Melby Way,46704
874,Mischa Easterling,measterlingo9@xrea.com,M,Marketing,0419 Barnett Terrace,64874
875,Sutherlan Book,sbookoa@amazon.co.uk,F,Sales,7231 Calypso Park,64046
876,Torey Bagg,tbaggob@discuz.net,M,Support,25 Nancy Parkway,92571
877,Mickey Hannigane,mhanniganeoc@boston.com,F,,4 Elka Pass,46293
878,Harriott MacSherry,hmacsherryod@techcrunch.com,M,Research and Development,1 Farmco Trail,90752
879,Mahmud McCumskay,mmccumskayoe@baidu.com,M,Support,448 Reinke Alley,74793
880,Susannah Alder,salderof@time.com,F,,60867 Maywood Parkway,75825
881,Daffi McLewd,dmclewdog@shutterfly.com,F,Engineering,07876 Mifflin Court,41274
882,Aldrich Frenzel;,,F,Sales,9 Mcguire Way,93189
883,Ernesto Ollcott,,M,Services,201 Londonderry Plaza,71253
884,Augustine Boness,abonessoj@blog.com,F,Sales,99 Moland Avenue,45568
885,Edouard Plitz,eplitzok@foxnews.com,M,Research and Development,6 Truax Place,59347
886,Corette Lukovic,clukovicol@foxnews.com,M,Support,2054 Delaware Street,97566
887,Grant Chilver,gchilverom@opera.com,F,Human Resources,1 Thompson Lane,81652
888,Ariella Camolli,acamollion@mashable.com,F,,59550 Golf Course Road,43665
889,Kienan Pawlyn,kpawlynoo@51.la,M,Legal,10638 Elgar Pass,96109
890,Eadith Tilt,etiltop@4shared.com,M,Accounting,7872 Raven Plaza,46751
891,Adelheid Jerrim,ajerrimoq@theglobeandmail.com,M,Training,865 Doe Crossing Court,71548
892,Clea Whitwham,cwhitwhamor@home.pl,F,,2921 Shoshone Way,73282
893,Riannon Gaddie,,F,Marketing,98 Delaware Trail,74554
894,Verney Evert,vevertot@netscape.com,F,,33455 Arizona Court,89521
895,Malinde Reedyhough,mreedyhoughou@storify.com,M,Support,0 Crescent Oaks Drive,70731
896,Lutero Strotton,lstrottonov@t-online.de,F,Marketing,0 Jenifer Avenue,69428
897,Ken Petschel,kpetschelow@japanpost.jp,F,Services,43163 Lukken Lane,92558
898,Deny Ballance,,M,Support,2 Gateway Park,98936
899,Pansy Feedham,pfeedhamoy@cnn.com,F,Business Development,9715 Melby Alley,76075
900,Candace Hubback,chubbackoz@gnu.org,F,,95944 Forest Dale Pass,67710
901,Sherie Santacrole,ssantacrolep0@va.gov,M,Marketing,73 Carey Point,53804
902,Byran Mason,bmasonp1@360.cn,F,Support,4 Welch Point,92324
903,Carmel Whardley,cwhardleyp2@ihg.com,F,Research and Development,3 Bashford Park,64513
904,Kelsy Orton,kortonp3@networksolutions.com,M,,5831 Talisman Drive,49459
905,Dame Corgenvin,dcorgenvinp4@cloudflare.com,F,Training,453 Cardinal Hill,42253
906,Camella Hurl,churlp5@tumblr.com,M,Legal,4844 Gateway Road,62923
907,Cal Glanvill,cglanvillp6@quantcast.com,F,Training,7849 Reindahl Parkway,52441
908,Gavan Likely,glikelyp7@barnesandnoble.com,F,Product Management,0 Montana Avenue,60776
909,Lothario Troughton,ltroughtonp8@archive.org,F,Support,6 Shasta Place,95798
910,Reine Sodeau,rsodeaup9@topsy.com,M,Legal,71257 Golf Circle,75592
911,Tomasine Brunner,tbrunnerpa@goo.gl,F,Training,6 Armistice Pass,64874
912,Mireielle Wyllt,mwylltpb@go.com,F,Training,28927 Mendota Court,99282
913,Allissa Giraldo,agiraldopc@sbwire.com,M,Support,21 7th Court,89011
914,Gayle Dadds,,F,Marketing,568 Arrowood Circle,71224
915,Chrysler Stoate,cstoatepe@blogspot.com,F,Legal,70 Russell Terrace,48127
916,Terrance Hilliam,thilliampf@theguardian.com,F,Product Management,579 Northland Drive,46604
917,Katey Larne,klarnepg@symantec.com,F,Research and Development,80867 Hauk Place,45223
918,Leonhard Tukely,ltukelyph@cbsnews.com,F,Marketing,10 Esch Way,43575
919,Nancey O'Sheeryne,,M,Legal,050 Pierstorff Trail,55549
920,Had Torrijos,htorrijospj@bloglines.com,F,Human Resources,81065 Cherokee Drive,63277
921,Malanie Ludgate,mludgatepk@buzzfeed.com,F,Engineering,47 Monterey Crossing,50241
922,Elvyn O'Noulane,eonoulanepl@netvibes.com,M,Human Resources,32183 Prairie Rose Street,48664
923,Lenee Angel,langelpm@loc.gov,F,,45 Aberg Road,63505
924,Anne-corinne Kingswold,akingswoldpn@sciencedaily.com,M,Human Resources,69 Birchwood Drive,40730
925,Rik Paute,rpautepo@usatoday.com,M,Training,12265 Miller Junction,52818
926,Nicolis Tolworthy,ntolworthypp@wix.com,F,,63 Veith Place,82898
927,Phillip Lago,plagopq@privacy.gov.au,F,Training,11 Nova Hill,74222
928,Jarrett Belitz,jbelitzpr@businessinsider.com,M,,288 Elgar Alley,91647
929,Gertrude Essex,gessexps@moonfruit.com,M,Business Development,1 Esch Junction,96703
930,Costa Millmoe,,M,Sales,2 Michigan Circle,99402
931,Ruby Fildery,rfilderypu@wired.com,M,Legal,280 Jenifer Place,48117
932,Torre Goncalo,tgoncalopv@sphinn.com,F,Engineering,447 Cottonwood Alley,75794
933,Rorie Jeffrey,rjeffreypw@yelp.com,F,Support,2 Fisk Plaza,60519
934,Sonja Botly,sbotlypx@nyu.edu,M,Engineering,927 Westridge Junction,86885
935,Terrye Joliffe,tjoliffepy@bandcamp.com,F,,9191 Dwight Junction,41930
936,Keenan Headrick,kheadrickpz@ask.com,M,Human Resources,5 Ramsey Drive,50736
937,Kacey McMychem,kmcmychemq0@dyndns.org,M,Services,2 Hagan Junction,58979
938,Kellby Philliphs,kphilliphsq1@wired.com,F,Legal,0 Eagan Center,49639
939,Honey Aulton,haultonq2@virginia.edu,F,,8 Raven Crossing,93379
940,Maynard Reeks,mreeksq3@ask.com,F,,45 Straubel Point,88452
941,Jess Anton,jantonq4@sciencedirect.com,F,Support,27510 Thackeray Circle,65463
942,Sukey Rogez,srogezq5@scribd.com,M,Training,73106 Manley Drive,72158
943,Bren Clevely,bclevelyq6@nationalgeographic.com,M,,283 Scofield Park,71592
944,Harriet Ambrosio,hambrosioq7@123-reg.co.uk,M,Sales,0 Moulton Terrace,65822
945,Elvira Bradder,,M,Support,4858 Dayton Park,99927
946,Pembroke Burril,pburrilq9@opensource.org,M,Accounting,90414 Erie Hill,45394
947,Kerr Heigl,kheiglqa@dot.gov,M,Engineering,038 Stang Pass,71125
948,Wendel Ferencz,wferenczqb@blogs.com,M,,63550 Darwin Way,76721
949,Nanny Radish,nradishqc@amazon.co.jp,M,Legal,24473 Merry Avenue,91156
950,Sarina Gonnely,sgonnelyqd@umich.edu,M,Product Management,16836 Westridge Parkway,72120
951,Susi Alfonsetti,salfonsettiqe@senate.gov,F,Human Resources,0233 Warrior Way,95543
952,Arri Howlings,ahowlingsqf@mapquest.com,M,Services,4735 Portage Park,75545
953,Grover Yakubowicz,gyakubowiczqg@foxnews.com,M,Product Management,8 Merchant Hill,48660
954,Ethelin Kubu,ekubuqh@archive.org,F,Research and Development,216 Pine View Street,94095
955,Paxton Greenwood,pgreenwoodqi@friendfeed.com,F,,04 Elgar Junction,84030
956,Danette Fancourt,dfancourtqj@bloglovin.com,M,Product Management,914 Homewood Street,72763
957,Terri Benko,tbenkoqk@bandcamp.com,M,,06652 Kenwood Point,60272
958,Leslie Gaffney,lgaffneyql@mapy.cz,F,,6565 Glendale Pass,82229
959,Chelsae Bertelet,cberteletqm@walmart.com,F,Product Management,29395 Utah Place,65246
960,Kristoforo Twyford,ktwyfordqn@chronoengine.com,F,Legal,35 Susan Way,48147
961,Jase Skepper,jskepperqo@godaddy.com,F,Business Development,54477 Heffernan Trail,79513
962,Talyah Garrow,tgarrowqp@vistaprint.com,M,Human Resources,936 Reinke Road,61352
963,Costanza Culross,cculrossqq@xrea.com,F,Accounting,08796 Dixon Avenue,78650
964,Shaine Kelberman,skelbermanqr@hibu.com,F,Legal,167 Northridge Place,47832
965,Ronda Garmans,rgarmansqs@jimdo.com,M,Support,7957 Memorial Place,86594
966,Charil Stickells,cstickellsqt@squidoo.com,F,Legal,976 Manley Parkway,91725
967,Shermy Van Geffen,svanqu@diigo.com,F,Support,2278 Mosinee Pass,47606
968,Briano Stansbie,bstansbieqv@nature.com,F,,037 Mccormick Parkway,91704
969,Ezri Ramelot,eramelotqw@tinypic.com,M,,02 Kenwood Trail,45657
970,Romain Bunnell,,F,Engineering,0673 Northport Pass,89055
971,Tonia Matthew,tmatthewqy@whitehouse.gov,M,Support,89760 Fordem Parkway,46819
972,Cari Cicchelli,,F,Accounting,806 Superior Point,61182
973,Valida Bramhill,,F,Business Development,6 Saint Paul Center,60593
974,Adel Menco,amencor1@linkedin.com,F,,01205 Linden Junction,60451
975,Deb Lucius,dluciusr2@epa.gov,F,Legal,26 Sachs Way,87790
976,Korney Drinkale,kdrinkaler3@godaddy.com,F,,63065 Mosinee Drive,43975
977,Kristoforo Blunkett,kblunkettr4@geocities.jp,F,,654 Reindahl Circle,49833
978,Man Maylour,mmaylourr5@cam.ac.uk,F,,4382 Straubel Park,60270
979,Caroljean Ca,ccar6@t-online.de,M,Sales,47689 Judy Pass,43882
980,Gertrude Cobden,gcobdenr7@sun.com,M,,426 Waubesa Crossing,60935
981,Giovanna Wildbore,gwildborer8@mtv.com,M,Business Development,521 Towne Street,57403
982,Tracie Chasemore,tchasemorer9@skyrock.com,F,Business Development,1 Stang Drive,78656
983,Ludovico Huddlestone,lhuddlestonera@jalbum.net,F,Training,462 Hoard Park,84732
984,Cobbie Disbury,cdisburyrb@census.gov,M,Business Development,728 Golden Leaf Road,92083
985,Lexy Yelding,lyeldingrc@geocities.jp,M,Sales,5380 Londonderry Street,65357
986,Lorrie Wrankmore,,F,,2 Reinke Hill,93881
987,Rube Venour,rvenourre@phoca.cz,F,Product Management,2 Autumn Leaf Crossing,61640
988,Aindrea Gash,,F,Product Management,411 Buhler Center,60876
989,Ame Gristwood,agristwoodrg@youtu.be,M,Accounting,20378 Chive Road,74074
990,Belita Edlyn,bedlynrh@livejournal.com,M,Product Management,9 Meadow Valley Hill,91271
991,Natty O' Connell,nori@ucsd.edu,F,Engineering,1 Tomscot Street,82928
992,Jeannie Usherwood,jusherwoodrj@furl.net,M,Support,61 Hayes Avenue,72859
993,Karee Lonnon,klonnonrk@php.net,M,,678 Lighthouse Bay Pass,67091
994,Garald Evamy,gevamyrl@squarespace.com,M,Product Management,09661 Walton Avenue,91286
995,Griffy MacAulay,gmacaulayrm@merriam-webster.com,F,,26 Claremont Pass,64398
996,Charlena Wennam,cwennamrn@nhs.uk,M,,2241 Mallory Place,78913
997,Terrie Absalom,tabsalomro@hexun.com,M,Product Management,6194 Orin Terrace,79939
998,Arvie Hayne,ahaynerp@whitehouse.gov,F,Marketing,82513 Nelson Park,42648
999,Jody Goose,jgooserq@stumbleupon.com,M,Support,4232 Monument Circle,77305
1000,Sascha Colomb,scolombrr@51.la,M,Research and Development,9 Nevada Hill,80952
